site_id,row,col,relief,settlement,streamflow,lithology,geomorphology,seismic,roads,valley_width,slope,foundation_perm,valley_depth,catchment_area,dependable_yield,runoff,rsi_wlc,topsis,score,cls,valley_depth_m_raw,x,y,Hyd_fail,Hyd_ok,Geo_fail,Geo_ok,Eng_fail,Eng_ok,Res_ok,all_ok,dist_exist_m,rank_base,rank_min,rank_max,rank_range,rank,lon,lat
1,1257,3475,4.879818439483643,3.6530611515045166,2.582766532897949,5.0,4.0,5.0,5.0,5.0,4.306122303009033,2.0,4.323995590209961,5.0,2.7029478549957275,4.0,3.8470218181610103,0.6358394026756287,3.8470218181610103,Very High,464.9629821777344,238755.0,1288065.0,"streamflow,dependable_yield",False,foundation_perm,False,,True,-1,False,15051.629495446814,1.0,1.0,3.0,2.0,1,78.60391715112479,11.641954832877499
2,1611,4228,1.0,2.1020407676696777,3.852607488632202,5.0,4.0,5.0,5.0,5.0,4.612245082855225,2.0,1.0774561166763306,4.0,3.852607488632202,5.0,3.838275194168091,0.62715744972229,3.838275194168091,Very High,19.98664665222168,261345.0,1277445.0,,True,foundation_perm,False,"valley_depth,relief",False,-1,False,36228.45852946865,2.0,1.0,2.0,1.0,2,78.81174500790348,11.547631064966705
3,1975,4166,1.0,3.0,3.4852607250213623,5.0,4.0,5.0,4.963718414306641,5.0,4.224489688873291,2.6666667461395264,1.0012812614440918,4.628117561340332,3.4852607250213623,5.0,3.803938627243042,0.6470369696617126,3.803938627243042,Very High,8.906777381896973,259485.0,1266525.0,,True,foundation_perm,False,"valley_depth,relief",False,-1,False,43487.594673902575,3.0,1.0,7.0,6.0,3,78.79546716553558,11.448818315071554
4,1273,3639,3.598639249801636,2.0204081535339355,3.3469388484954834,5.0,3.081632614135742,5.0,3.0,5.0,4.591836929321289,2.0,4.002989292144775,4.0,3.3469388484954834,4.947845935821533,3.797818899154663,0.6376205682754517,3.797818899154663,Very High,420.9652404785156,243675.0,1287585.0,,True,foundation_perm,False,,True,-1,False,17262.620589527858,4.0,3.0,8.0,5.0,4,78.64905200946279,11.637989430524794
5,1517,4110,1.0,1.530612230300903,3.40816330909729,5.0,4.0,5.0,3.444444417953491,5.0,4.63265323638916,2.0,1.0375295877456665,5.0,3.40816330909729,5.0,3.789989233016968,0.620724618434906,3.789989233016968,Very High,14.51423454284668,257805.0,1280265.0,,True,foundation_perm,False,"valley_depth,relief,settlement",False,-1,False,31728.47696173249,5.0,4.0,6.0,2.0,5,78.77910237891565,11.572868410680744
6,1662,4307,1.3111112117767334,1.6571428775787354,3.288888692855835,5.0,4.0,5.0,2.0158729553222656,5.0,4.400000095367432,2.0,1.0557003021240234,4.0,3.279365062713623,5.0,3.777735948562622,0.6217803955078125,3.777735948562622,Very High,17.004751205444336,263715.0,1275915.0,,True,foundation_perm,False,"valley_depth,relief,settlement",False,-1,False,38997.39913354681,6.0,5.0,7.0,2.0,6,78.83357104177722,11.533967207869596
7,1948,4144,1.0,3.0,3.307468891143799,5.0,4.0,5.0,5.0,4.962962627410889,4.066666603088379,2.938271760940552,1.002249836921692,5.0,3.307468891143799,5.0,3.7622182369232178,0.6424336433410645,3.7622182369232178,Very High,9.223084449768066,258825.0,1267335.0,,True,foundation_perm,False,"valley_depth,relief",False,-1,False,42447.78260688119,7.0,4.0,21.0,17.0,7,78.78936394005106,11.456092615527785
8,1273,3817,4.562358379364014,4.0,3.18367338180542,5.0,4.0,5.0,2.9410431385040283,5.0,4.224489688873291,2.0,2.223587274551392,5.0,3.358276605606079,5.0,3.757781744003296,0.6322085857391357,3.757781744003296,Very High,177.0773468017578,249015.0,1287585.0,,True,foundation_perm,False,valley_depth,False,-1,False,20366.425795929383,8.0,5.0,19.0,14.0,8,78.69800125413136,11.638384900837837
9,1628,4267,1.0,1.8181818723678589,3.4822990894317627,5.0,4.0,5.0,3.0,4.9494948387146,4.272727489471436,1.9797980785369875,1.0411853790283203,4.0,3.4822990894317627,5.0,3.752721309661865,0.6196535229682922,3.752721309661865,Very High,15.015284538269045,262515.0,1276935.0,,True,foundation_perm,False,"valley_depth,relief,settlement",False,-1,False,37424.867580355945,9.0,8.0,10.0,2.0,9,78.82250302320536,11.543102821924656
10,1583,4197,1.4761903285980225,1.6734694242477417,3.5827667713165283,5.0,4.0,5.0,3.0,5.0,4.204081535339356,2.0,1.0622557401657104,3.0,3.5827667713165283,5.0,3.752049446105957,0.6186398267745972,3.752049446105957,Very High,17.903249740600586,260415.0,1278285.0,,True,foundation_perm,False,"valley_depth,relief,settlement",False,-1,False,34976.2145589188,10.0,7.0,12.0,5.0,10,78.80316296063158,11.555157718464084
11,2149,4180,1.0,4.0,3.7006802558898926,5.0,4.0,5.0,5.0,5.0,4.489795684814453,2.0,1.0274871587753296,5.0,3.7006802558898926,5.0,3.748466014862061,0.6160305738449097,3.748466014862061,Very High,13.11312770843506,259905.0,1261305.0,,True,foundation_perm,False,"valley_depth,relief",False,-1,False,48134.23598371456,11.0,7.0,20.0,13.0,11,78.7996788251234,11.401673950961616
12,2093,4083,1.0,2.612244844436645,3.749433040618897,3.2857143878936768,2.7142856121063232,5.0,2.863945722579956,4.988662242889404,4.18367338180542,1.99546492099762,1.0169757604599,4.0,3.780045509338379,5.0,3.7371468544006343,0.6179315447807312,3.7371468544006343,Very High,11.69709014892578,256995.0,1262985.0,,True,foundation_perm,False,"valley_depth,relief",False,-1,False,45237.24535893752,12.0,12.0,18.0,6.0,12,78.77290606258346,11.416654966003641
13,2065,4223,1.0,3.0,3.884353637695313,5.0,4.0,5.0,2.5600907802581787,5.0,4.346938610076904,2.0,1.0548551082611084,3.0,3.884353637695313,5.0,3.73207950592041,0.6155105829238892,3.73207950592041,Very High,16.888887405395508,261195.0,1263825.0,,True,foundation_perm,False,"valley_depth,relief",False,-1,False,46682.81571417511,13.0,12.0,24.0,12.0,13,78.81132027733013,11.424535798916013
14,2196,4168,1.0,3.0,3.884353876113892,3.040816307067871,2.5306122303009038,5.0,1.2403628826141355,5.0,4.489795684814453,2.0,1.0295478105545044,5.0,3.913831949234009,5.0,3.73064923286438,0.6181250214576721,3.73064923286438,Very High,13.420255661010742,259545.0,1259895.0,,True,foundation_perm,False,"valley_depth,relief,roads",False,-1,False,49175.52631753124,14.0,12.0,20.0,8.0,14,78.79647953362611,11.388906997851405
15,1152,1267,1.0,1.836734652519226,3.5170066356658936,5.0,4.0,4.0,2.809523820877075,5.0,4.714285850524902,2.904761791229248,1.090983748435974,3.0,3.845804929733277,5.0,3.7284247875213614,0.6433404684066772,3.7284247875213614,Very High,21.84076499938965,172515.0,1291215.0,,True,foundation_perm,False,"valley_depth,relief,settlement",False,-1,False,30231.44608817769,15.0,11.0,22.0,11.0,15,77.9965959697492,11.664710526199643
16,1341,788,1.0204081535339355,2.448979616165161,3.0748300552368164,5.0,4.0,5.0,3.0,5.0,4.387754917144775,2.7142856121063232,1.2052526473999023,5.0,3.224489688873291,3.0,3.725759029388428,0.6414709687232971,3.725759029388428,Very High,37.50264739990234,158145.0,1285545.0,,True,foundation_perm,False,"valley_depth,relief",False,-1,False,31119.234298500072,16.0,12.0,25.0,13.0,16,77.86551562678792,11.612103652761974
17,1429,3776,1.0,2.612244844436645,2.96371865272522,5.0,4.0,5.0,2.5328798294067383,5.0,4.387754917144775,2.0,1.051180362701416,2.646258592605591,3.206349372863769,5.0,3.725116729736328,0.6205800175666809,3.725116729736328,Very High,16.385236740112305,247785.0,1282905.0,"catchment_area,streamflow",False,foundation_perm,False,"valley_depth,relief",False,-1,False,23379.223778090676,17.0,14.0,23.0,9.0,17,78.68707519521318,11.596005057101905
18,1213,1222,2.0,1.4285714626312256,3.287981510162353,5.0,4.0,4.0,2.9455783367156982,5.0,4.387754917144775,3.0,1.1232504844665527,5.0,3.730158567428589,5.0,3.723045825958252,0.645079493522644,3.723045825958252,Very High,26.26329040527344,171165.0,1289385.0,,True,,True,"valley_depth,relief,settlement",False,-1,False,31107.312891057725,18.0,8.0,34.0,26.0,18,77.98440536987299,11.648054188068956
19,1270,4091,4.022675514221191,2.612244844436645,3.3015871047973637,5.0,4.0,5.0,2.922902584075928,5.0,4.448979377746582,2.0,2.0506069660186768,3.0,3.3015871047973637,5.0,3.722985029220581,0.6255577802658081,3.722985029220581,Very High,153.36834716796875,257235.0,1287675.0,,True,foundation_perm,False,valley_depth,False,-1,False,26520.134299192,19.0,10.0,27.0,17.0,19,78.7733470459441,11.639790736119506
20,1545,4163,1.0,1.6734694242477417,3.2993195056915283,5.0,4.0,5.0,3.0,5.0,4.326530456542969,2.0,1.0519964694976809,5.0,3.2993195056915283,5.0,3.720624208450317,0.6172834038734436,3.720624208450317,Very High,16.497102737426758,259395.0,1279425.0,,True,foundation_perm,False,"valley_depth,relief,settlement",False,-1,False,33450.058164164286,20.0,18.0,22.0,4.0,20,78.79373439580773,11.565388826430672
21,1239,1055,1.0,1.8163264989852903,3.133786916732788,5.0,4.0,4.0,2.918367385864258,5.0,4.204081535339356,3.0,1.0908514261245728,5.0,3.5691611766815186,4.0,3.717685461044312,0.6420424580574036,3.717685461044312,Very High,21.82262420654297,166155.0,1288605.0,,True,,True,"valley_depth,relief,settlement",False,-1,False,29745.404517380543,21.0,14.0,30.0,16.0,21,77.93858353592849,11.640525403259263
22,2125,4209,1.0,4.0,3.5215420722961426,5.0,4.0,5.0,3.0,5.0,4.36734676361084,2.0,1.01270592212677,5.0,3.5215420722961426,5.0,3.716664552688599,0.6117184162139893,3.716664552688599,Very High,10.963467597961426,260775.0,1262025.0,,True,foundation_perm,False,"valley_depth,relief",False,-1,False,47970.157119528194,22.0,9.0,36.0,27.0,22,78.80759783232664,11.408240273023646
23,1903,3868,4.0,3.0,3.086168050765991,5.0,4.0,5.0,5.0,5.0,4.285714149475098,1.0,1.5245075225830078,3.979591846466065,3.154195070266724,5.0,3.7160332202911377,0.5899975299835205,3.7160332202911377,Very High,81.26026916503906,250545.0,1268685.0,,True,foundation_perm,False,valley_depth,False,-1,False,37267.1104439983,23.0,13.0,30.0,17.0,23,78.71341186983572,11.467708344311129
24,2045,4151,1.0,4.0,3.766439914703369,5.0,4.0,5.0,3.0,5.0,4.0,2.5714285373687744,1.0,4.0,3.766439914703369,5.0,3.709354877471924,0.6400256156921387,3.709354877471924,Very High,7.886873245239258,259035.0,1264425.0,,True,foundation_perm,False,"valley_depth,relief",False,-1,False,45013.53780539485,24.0,11.0,42.0,31.0,24,78.79149179859795,11.429809553270376
25,1206,1149,1.0,1.4489796161651611,3.272108793258667,5.0,4.0,4.0,1.371882081031799,5.0,4.204081535339356,2.117913722991944,1.1056419610977173,4.959183692932129,3.732426166534424,5.0,3.709078788757324,0.6120691895484924,3.709078788757324,Very High,23.849836349487305,168975.0,1289595.0,,True,foundation_perm,False,"valley_depth,relief,settlement,roads",False,-1,False,29917.47657268956,25.0,13.0,43.0,30.0,25,77.96432089548198,11.649739601843471
26,1276,3536,4.723355770111084,2.918367385864258,2.643990993499756,5.0,4.0,5.0,5.0,5.0,4.36734676361084,2.0,4.645210266113281,4.387754917144775,2.639455795288086,4.0,3.702839374542236,0.6182574033737183,3.702839374542236,Very High,508.9891662597656,240585.0,1287495.0,"streamflow,dependable_yield",False,foundation_perm,False,,True,-1,False,16099.695151174015,26.0,12.0,39.0,27.0,26,78.62073517932245,11.63694357930603
27,1574,3833,1.0,3.755102157592773,3.1020407676696777,5.0,4.0,5.0,2.6961452960968018,5.0,4.551020622253418,2.0,1.0344394445419312,4.0,3.1020407676696777,5.0,3.7023556232452393,0.6182873845100403,3.7023556232452393,Very High,14.090702056884766,249495.0,1278555.0,,True,foundation_perm,False,"valley_depth,relief",False,-1,False,27987.939356987663,27.0,21.0,32.0,11.0,27,78.7030687570832,11.556821993264693
28,1486,4051,1.0317460298538208,1.1020407676696775,3.3968253135681152,5.0,4.0,5.0,1.1950113773345947,5.0,4.551020622253418,2.0,1.063360571861267,5.0,3.385487794876098,5.0,3.700045347213745,0.6139692664146423,3.700045347213745,Very High,18.05467414855957,256035.0,1281195.0,,True,foundation_perm,False,"valley_depth,relief,settlement,roads",False,-1,False,29826.32470170116,28.0,23.0,34.0,11.0,28,78.762813478332,11.581147660934175
29,1810,3518,4.62358283996582,3.0,3.312925100326538,5.0,3.897959232330322,5.0,2.088435411453247,5.0,4.5714287757873535,2.0,2.594961881637573,3.0,3.2925169467926025,4.0,3.6997125148773193,0.6254640817642212,3.6997125148773193,Very High,227.9785919189453,240045.0,1271475.0,,True,foundation_perm,False,valley_depth,False,-1,False,31606.87716577861,29.0,11.0,48.0,37.0,29,78.6170105274365,11.492149297056315
30,1338,3802,1.0,4.265305995941162,3.088435649871826,5.0,4.0,5.0,2.9682538509368896,5.0,4.489795684814453,2.0,1.1038219928741455,5.0,3.088435649871826,5.0,3.697617530822754,0.6166169047355652,3.697617530822754,Very High,23.600400924682617,248565.0,1285635.0,,True,foundation_perm,False,"valley_depth,relief",False,-1,False,21579.06327861353,30.0,28.0,33.0,5.0,30,78.69402135067827,11.620731202076172
31,1430,3580,1.0,1.530612230300903,2.970521211624145,5.0,4.0,5.0,3.0,5.0,4.551020622253418,2.0,1.0766823291778564,5.0,2.96371865272522,4.0,3.6973142623901367,0.6093627214431763,3.6973142623901367,Very High,19.88057327270508,241905.0,1282875.0,"streamflow,dependable_yield",False,foundation_perm,False,"valley_depth,relief,settlement",False,-1,False,20900.127454567533,31.0,25.0,32.0,7.0,31,78.63318697481466,11.595297585241433
32,693,706,3.174603223800659,1.9795918464660645,3.718820571899414,5.0,4.0,5.0,4.0,5.0,4.387754917144775,1.115646243095398,2.7264461517333984,5.0,3.972788810729981,4.0,3.6937100887298575,0.5890238881111145,3.6937100887298575,Very High,246.0,155685.0,1304985.0,,True,foundation_perm,False,"valley_depth,settlement",False,-1,False,11618.543867229466,32.0,17.0,48.0,31.0,32,77.84099079911248,11.787396439023144
33,1892,3439,4.63718843460083,3.0,2.739229202270508,5.0,4.0,5.0,2.233560085296631,5.0,4.326530456542969,2.0,2.5245938301086426,5.0,2.739229202270508,4.0,3.686509609222412,0.6198480129241943,3.686509609222412,Very High,218.33384704589844,237675.0,1269015.0,"streamflow,dependable_yield",False,foundation_perm,False,valley_depth,False,-1,False,33801.09706813615,33.0,26.0,45.0,19.0,33,78.59548654677184,11.469743107856276
34,1938,4110,1.0,4.0,3.043083906173706,5.0,4.0,5.0,3.136054277420044,5.0,4.040816307067871,2.952381134033203,1.0,5.0,3.0340137481689453,5.0,3.68319582939148,0.6387544870376587,3.68319582939148,Very High,7.489795684814453,257805.0,1267635.0,,True,foundation_perm,False,"valley_depth,relief",False,-1,False,41640.52813188329,34.0,18.0,58.0,40.0,34,78.7799982282468,11.458732863356039
35,1304,4032,1.0,3.7142856121063232,3.1564624309539795,5.0,4.0,5.0,3.0,5.0,4.306122303009033,2.0,1.064417600631714,5.0,3.1655330657958984,5.0,3.6810998916625977,0.6139256954193115,3.6810998916625977,Very High,18.199546813964844,255465.0,1286655.0,,True,foundation_perm,False,"valley_depth,relief",False,-1,False,25709.15433380116,35.0,26.0,45.0,19.0,35,78.75719502169098,11.630447420657173
36,1368,3820,1.0,3.5714285373687744,3.052153825759888,5.0,4.0,5.0,3.0,5.0,4.387754917144775,2.0,1.0672264099121094,4.0,3.052153825759888,5.0,3.678669452667236,0.6121694445610046,3.678669452667236,Very High,18.584529876708984,249105.0,1284735.0,,True,foundation_perm,False,"valley_depth,relief",False,-1,False,22621.9994931416,36.0,33.0,42.0,9.0,36,78.69903779442207,11.61263807657266
37,1621,3606,4.752834320068359,2.857142925262451,3.1950113773345947,5.0,3.755102157592773,5.0,3.0,5.0,3.755102157592773,2.0,1.6381163597106934,4.006802558898926,3.17460298538208,5.0,3.6774277687072754,0.6159641742706299,3.6774277687072754,Very High,96.83169555664062,242685.0,1277145.0,,True,foundation_perm,False,valley_depth,False,-1,False,26609.090359914982,37.0,35.0,41.0,6.0,37,78.64076950974233,11.543580084695224
38,1703,3569,4.002267837524414,3.0,2.6553285121917725,5.0,4.0,5.0,2.7959184646606445,5.0,4.306122303009033,2.0,2.839545488357544,4.0,2.6507935523986816,4.0,3.6765620708465576,0.6202903389930725,3.6765620708465576,Very High,261.50164794921875,241575.0,1274685.0,"streamflow,dependable_yield",False,foundation_perm,False,valley_depth,False,-1,False,28724.608296454506,38.0,27.0,49.0,22.0,38,78.63078482325223,11.521268890800298
39,1304,3771,4.195011138916016,4.0,2.6984128952026367,5.0,4.0,5.0,1.8707482814788816,5.0,4.244897842407227,2.0,3.674405097961426,2.0,2.9818594455718994,5.0,3.6754727363586426,0.619888961315155,3.6754727363586426,Very High,375.9289245605469,247635.0,1286655.0,"catchment_area,streamflow,dependable_yield",False,foundation_perm,False,roads,False,-1,False,20203.89373083284,39.0,19.0,67.0,48.0,39,78.68542076604562,11.629879834767825
40,124,1595,1.9886040687561035,3.0,2.8107447624206543,5.0,4.0,4.0,3.0,4.97150993347168,4.333333492279053,1.820512771606445,3.1885294914245605,5.0,3.080789566040039,3.0,3.6702089309692383,0.6163748502731323,3.6702089309692383,Very High,309.333984375,182355.0,1322055.0,streamflow,False,foundation_perm,False,relief,False,-1,False,26824.52814262326,40.0,34.0,56.0,22.0,40,78.0838120364068,11.944177993556632
41,1460,3985,1.0294784307479858,1.469387769699097,3.360543966293335,5.0,4.0,5.0,3.0,5.0,4.653061389923096,2.0,1.0758826732635498,2.9863944053649902,3.360543966293335,5.0,3.6697261333465576,0.6092554330825806,3.6697261333465576,Very High,19.77097511291504,254055.0,1281975.0,catchment_area,False,foundation_perm,False,"valley_depth,relief,settlement",False,-1,False,27907.89083524425,41.0,35.0,44.0,9.0,41,78.74460989021611,11.588055312725137
42,260,907,2.0,1.959183692932129,3.41269850730896,5.0,4.0,5.0,3.0,5.0,3.918367385864258,1.5714285373687744,1.6153753995895386,4.0,3.7868480682373047,4.0,3.668999195098877,0.6079671382904053,3.668999195098877,Very High,93.71479034423828,161715.0,1317975.0,,True,foundation_perm,False,"valley_depth,relief,settlement",False,-1,False,5789.785664337553,42.0,33.0,52.0,19.0,42,77.89493148192928,11.905306396871037
43,1314,4086,1.0,3.0,3.4376416206359863,5.0,4.0,5.0,1.3718822002410889,5.0,4.285714149475098,2.0,1.669976830482483,5.0,3.4376416206359863,5.0,3.661852598190308,0.6146215200424194,3.661852598190308,Very High,101.19853973388672,257085.0,1286355.0,,True,foundation_perm,False,"valley_depth,relief,roads",False,-1,False,27171.79634361496,43.0,38.0,57.0,19.0,43,78.77206689875715,11.627851601468512
44,1499,4228,1.0,1.6122448444366455,3.1519274711608887,5.0,4.0,5.0,2.773242473602295,5.0,4.122448921203613,2.0,1.0317206382751465,4.251700401306152,3.1519274711608887,5.0,3.661524534225464,0.6082695126533508,3.661524534225464,Very High,13.71806526184082,261345.0,1280805.0,,True,foundation_perm,False,"valley_depth,relief,settlement",False,-1,False,33967.74783871838,44.0,34.0,61.0,27.0,44,78.81150913834598,11.577995476530262
45,1921,3461,4.993197441101074,3.0,2.324263095855713,5.0,4.0,5.0,2.455782175064087,5.0,4.346938610076904,2.0,2.606775999069214,3.265306234359741,2.319727897644043,4.0,3.659702301025391,0.61838698387146,3.659702301025391,Very High,229.59786987304688,238335.0,1268145.0,"streamflow,dependable_yield",False,foundation_perm,False,valley_depth,False,-1,False,34718.568727297235,45.0,30.0,84.0,54.0,45,78.60159886974343,11.461931737283836
46,1191,1255,1.0136053562164309,1.7346938848495483,3.7959179878234863,5.0,4.0,4.0,3.0,5.0,4.510204315185547,2.6031746864318848,1.103715419769287,1.8344670534133911,4.138321876525879,5.0,3.658016204833984,0.6355085372924805,3.658016204833984,Very High,23.58578872680664,172155.0,1290045.0,catchment_area,False,foundation_perm,False,"valley_depth,relief,settlement",False,-1,False,31032.347770576234,46.0,37.0,61.0,24.0,46,77.99341132730598,11.654109657293741
47,1152,4030,1.8344670534133911,5.0,3.351473808288574,5.0,4.0,5.0,2.8412697315216064,5.0,4.224489688873291,2.0,1.3597477674484253,5.0,3.365079402923584,5.0,3.657265901565552,0.6075748801231384,3.657265901565552,Very High,58.67799758911133,255405.0,1291215.0,,True,foundation_perm,False,"valley_depth,relief",False,-1,False,23079.32484390211,47.0,40.0,61.0,21.0,47,78.75631426807611,11.67165018815432
48,2030,4189,1.0,2.0,4.0249433517456055,5.0,4.0,5.0,3.0,5.0,4.18367338180542,2.0,1.0382574796676636,3.829931735992432,4.0249433517456055,5.0,3.656965494155884,0.6089802980422974,3.656965494155884,Very High,14.614008903503418,260175.0,1264875.0,,True,foundation_perm,False,"valley_depth,relief",False,-1,False,45244.93013687768,48.0,42.0,56.0,14.0,48,78.8019034685703,11.43395477248766
49,1296,3467,1.0,4.0,2.4739229679107666,5.0,4.0,5.0,5.0,5.0,4.102040767669678,1.6190476417541504,1.399029016494751,5.0,2.589569091796875,4.0,3.6568894386291504,0.6093258857727051,3.6568894386291504,Very High,64.06197357177734,238515.0,1286895.0,"streamflow,dependable_yield",False,foundation_perm,False,"valley_depth,relief",False,-1,False,16146.572254786151,49.0,37.0,67.0,30.0,49,78.60180786419153,11.631364805642885
50,1913,4148,1.0,2.673469305038452,3.4761903285980225,5.0,4.0,5.0,2.274376392364502,5.0,4.061224460601807,2.589569091796875,1.0017995834350586,4.27437686920166,3.4761903285980225,5.0,3.654665470123291,0.6355298757553101,3.654665470123291,Very High,9.113126754760742,258945.0,1268385.0,,True,foundation_perm,False,"valley_depth,relief",False,-1,False,41643.73007459671,50.0,30.0,81.0,51.0,50,78.79038955376498,11.465589737157268
51,1132,4176,1.5646257400512695,4.0,3.687074661254883,5.0,4.0,5.0,2.8775510787963867,5.0,4.163265228271484,2.0,3.0984010696411133,4.827664375305176,3.687074661254883,5.0,3.649820327758789,0.6121049523353577,3.649820327758789,Very High,296.9808654785156,259785.0,1291815.0,,True,foundation_perm,False,relief,False,-1,False,26712.016729725547,51.0,46.0,63.0,17.0,51,78.79642852603597,11.67738322900934
52,2099,4188,1.0,4.0,3.3809525966644287,5.0,4.0,5.0,3.0,5.0,4.36734676361084,2.0,1.0418033599853516,5.0,3.3809525966644287,5.0,3.6482748985290527,0.605880856513977,3.6482748985290527,Very High,15.100025177001951,260145.0,1262805.0,,True,foundation_perm,False,"valley_depth,relief",False,-1,False,46975.15277382948,52.0,40.0,69.0,29.0,52,78.801772826587,11.41524601111039
53,1595,3723,1.0,1.8775510787963867,2.555555582046509,5.0,4.0,5.0,2.58730149269104,5.0,4.224489688873291,2.0,1.0424965620040894,4.605442047119141,2.551020383834839,5.0,3.6470425128936768,0.6104836463928223,3.6470425128936768,Very High,15.195012092590332,246195.0,1277925.0,"streamflow,dependable_yield",False,foundation_perm,False,"valley_depth,relief,settlement",False,-1,False,27057.70230888108,53.0,52.0,60.0,8.0,53,78.6728746749055,11.550888007922975
54,2063,4067,1.0,2.5714285373687744,3.5283443927764893,5.0,4.0,5.0,2.777777910232544,5.0,4.244897842407227,2.0,1.0030330419540403,4.0,3.5623583793640137,5.0,3.64687180519104,0.6037210822105408,3.64687180519104,Very High,8.830183029174805,256515.0,1263885.0,,True,foundation_perm,False,"valley_depth,relief",False,-1,False,44217.27447574648,54.0,37.0,82.0,45.0,54,78.76844566689674,11.424754707246695
55,1196,1192,1.0,1.4897959232330322,3.671201944351196,5.0,4.0,4.0,2.655328750610352,5.0,4.346938610076904,2.0,1.131925106048584,3.0362813472747803,4.056689262390137,5.0,3.646463394165039,0.6040465831756592,3.646463394165039,Very High,27.45225524902344,170265.0,1289895.0,,True,foundation_perm,False,"valley_depth,relief,settlement",False,-1,False,30229.910390405115,55.0,45.0,73.0,28.0,55,77.97611005158178,11.65257339771306
56,1362,3726,1.086167812347412,2.0204081535339355,2.5283448696136475,5.0,4.0,5.0,2.233560085296631,5.0,4.346938610076904,2.222222089767456,1.1106088161468506,4.0,2.5283448696136475,5.0,3.646142482757568,0.6089150309562683,3.646142482757568,Very High,24.53061294555664,246285.0,1284915.0,"streamflow,dependable_yield",False,foundation_perm,False,"valley_depth,relief",False,-1,False,20880.95088280778,56.0,51.0,66.0,15.0,56,78.67317683190825,11.61405731657803
57,726,674,2.0,1.7142857313156128,3.233560085296631,5.0,4.0,5.0,4.0,5.0,4.285714149475098,2.0,3.117274284362793,3.6666665077209473,3.489795923233032,4.0,3.6448185443878174,0.6139438152313232,3.6448185443878174,Very High,299.567626953125,154725.0,1303995.0,,True,foundation_perm,False,"relief,settlement",False,-1,False,12675.322623649969,57.0,38.0,79.0,41.0,57,77.83229495811734,11.778359243260123
58,2015,4129,1.0,3.0,3.464852809906006,5.0,4.0,5.0,3.553287982940674,5.0,4.265305995941162,2.0,1.0000146627426147,4.0,3.464852809906006,5.0,3.642652750015259,0.602451503276825,3.642652750015259,Very High,7.593601226806641,258375.0,1265325.0,,True,foundation_perm,False,"valley_depth,relief",False,-1,False,43901.15180384519,58.0,33.0,94.0,61.0,58,78.78538266508357,11.437897161180286
59,1982,3204,4.668934345245361,2.4285714626312256,2.755102157592773,5.0,4.0,5.0,5.0,5.0,4.63265323638916,2.0,2.636956691741944,4.775510311126709,2.748299121856689,3.0,3.641823053359986,0.6055804491043091,3.641823053359986,Very High,233.7344512939453,230625.0,1266315.0,"streamflow,dependable_yield",False,foundation_perm,False,valley_depth,False,-1,False,36737.93362201934,59.0,47.0,70.0,23.0,59,78.53111820980642,11.444808805411096
60,566,641,5.0,3.0,2.8820862770080566,5.0,3.897959232330322,5.0,5.0,5.0,3.836734771728516,1.40816330909729,2.175546646118164,5.0,2.99546480178833,3.0,3.641247034072876,0.6040228605270386,3.641247034072876,Very High,170.49282836914062,153735.0,1308795.0,"streamflow,dependable_yield",False,foundation_perm,False,valley_depth,False,-1,False,8149.62440516145,60.0,39.0,86.0,47.0,60,77.82272263203704,11.82159985091572
61,1284,3499,2.0,2.1224489212036133,2.678004741668701,5.0,4.0,5.0,5.0,5.0,4.489795684814453,2.0,2.09726881980896,5.0,2.639456033706665,4.0,3.6410200595855713,0.6072036623954773,3.6410200595855713,Very High,159.76393127441406,239475.0,1287255.0,"streamflow,dependable_yield",False,foundation_perm,False,"valley_depth,relief",False,-1,False,16009.918058281197,61.0,49.0,76.0,27.0,61,78.610579322333,11.634690770465774
62,1794,4222,1.0,2.1111111640930176,3.4680333137512207,5.0,4.0,5.0,2.6419754028320312,4.861111164093018,4.138888835906982,1.9444444179534912,1.070741891860962,3.0308642387390137,3.4680333137512207,5.0,3.640679836273194,0.606386125087738,3.640679836273194,Very High,19.06635856628418,261165.0,1271955.0,,True,foundation_perm,False,"valley_depth,relief",False,-1,False,40138.22115033856,62.0,50.0,71.0,21.0,62,78.81047966725203,11.498005246300636
63,1283,3571,4.503401279449463,3.0,3.2471656799316406,5.0,4.0,5.0,3.0,5.0,4.673469543457031,2.0,4.728826522827148,3.0,3.233559846878052,4.0,3.638870477676392,0.6104843020439148,3.638870477676392,Very High,520.44970703125,241635.0,1287285.0,,True,foundation_perm,False,,True,-1,False,16661.892961749592,63.0,38.0,95.0,57.0,63,78.63037572297239,11.635125409284415
64,606,984,2.0,2.2040815353393555,3.031745672225952,5.0,4.0,5.0,4.99546480178833,5.0,4.265305995941162,3.0,1.0846693515777588,5.0,3.546485424041748,5.0,3.636851310729981,0.626548171043396,3.636851310729981,Very High,20.97530746459961,164025.0,1307595.0,,True,,True,"valley_depth,relief",False,-1,False,11998.430945944474,64.0,43.0,89.0,46.0,64,77.91716653187973,11.811804482315523
65,1216,4074,1.0,5.0,3.265306234359741,5.0,4.0,5.0,2.414965867996216,5.0,4.36734676361084,2.0,1.053498387336731,5.0,3.265306234359741,5.0,3.635085821151733,0.6092866063117981,3.635085821151733,Very High,16.70294952392578,256725.0,1289295.0,,True,foundation_perm,False,"valley_depth,relief",False,-1,False,25201.765131059165,65.0,53.0,80.0,27.0,65,78.76855494769624,11.654394015691599
66,1429,3621,1.0,1.6326531171798706,2.956916332244873,5.0,4.0,5.0,3.0,5.0,4.510204315185547,2.0,1.0237445831298828,5.0,2.956916332244873,4.678004741668701,3.634642362594605,0.6044574975967407,3.634642362594605,Very High,12.53943157196045,243135.0,1282905.0,"streamflow,dependable_yield",False,foundation_perm,False,"valley_depth,relief,settlement",False,-1,False,21286.5364596933,66.0,58.0,74.0,16.0,66,78.64445752462595,11.595660777986764
67,1857,3919,1.7619048357009888,2.612244844436645,3.086167573928833,5.0,4.0,5.0,5.0,5.0,4.163265228271484,1.0,1.254245400428772,4.0,3.240362882614136,5.0,3.634359836578369,0.5769181251525879,3.634359836578369,Very High,44.21768951416016,252075.0,1270065.0,,True,foundation_perm,False,"valley_depth,relief",False,-1,False,36679.7769691337,67.0,50.0,82.0,32.0,67,78.72732883833994,11.480288222708205
68,1466,3244,4.197278499603272,1.8163264989852903,2.3469388484954834,5.0,4.0,5.0,1.503401279449463,5.0,4.612245082855225,1.9387755393981931,3.071472406387329,3.8276641368865967,2.3356008529663086,3.0,3.634220600128174,0.613691508769989,3.634220600128174,Very High,293.2899780273437,231825.0,1281795.0,"streamflow,dependable_yield",False,foundation_perm,False,"settlement,roads",False,-1,False,21249.55217330569,68.0,39.0,113.0,74.0,68,78.54089386424934,11.584768079294003
69,148,1547,1.9905437231063845,1.5957447290420532,2.523978471755981,5.0,4.0,4.0,2.706855773925781,4.9763593673706055,4.42553186416626,1.5650118589401243,2.776602268218994,4.671394348144531,3.1159491539001465,4.0,3.6338374614715576,0.6119092702865601,3.6338374614715576,Very High,252.87454223632807,180915.0,1321335.0,streamflow,False,foundation_perm,False,"valley_depth,relief,settlement",False,-1,False,25271.5006836056,69.0,48.0,87.0,39.0,69,78.0706738752299,11.937537863133148
70,1328,753,1.5986394882202148,1.8163264989852903,3.090703248977661,5.0,4.0,5.0,3.498866558074951,5.0,4.224489688873291,2.0,1.236120343208313,4.088435649871826,3.240362882614136,3.0,3.633080959320069,0.6052519679069519,3.633080959320069,Very High,41.73343276977539,157095.0,1285935.0,,True,foundation_perm,False,"valley_depth,relief,settlement",False,-1,False,30677.831918908883,70.0,55.0,80.0,25.0,70,77.85585872523063,11.615520653551805
71,1407,3739,1.247165560722351,3.0,2.634920597076416,5.0,4.0,5.0,2.759637355804444,5.0,4.448979377746582,2.0,1.1932470798492432,4.0,2.6281180381774902,5.0,3.6321170330047607,0.609706699848175,3.6321170330047607,Very High,35.857147216796875,246675.0,1283565.0,"streamflow,dependable_yield",False,foundation_perm,False,"valley_depth,relief",False,-1,False,22239.59215025333,71.0,58.0,81.0,23.0,71,78.67685248146653,11.6018873114778
72,1750,3582,3.945578336715698,1.9183673858642576,2.8049886226654053,5.0,4.0,5.0,3.0544216632843018,5.0,4.469387531280518,2.0,2.996042013168335,4.464852333068848,2.7936506271362305,4.074829578399658,3.629661321640015,0.61017906665802,3.629661321640015,Very High,282.9513854980469,241965.0,1273275.0,"streamflow,dependable_yield",False,foundation_perm,False,"valley_depth,settlement",False,-1,False,30185.55747714503,72.0,54.0,91.0,37.0,72,78.63446471518886,11.508557317068082
73,420,1480,3.3469388484954834,2.693877458572388,3.535147190093994,5.0,4.0,4.0,2.632652997970581,5.0,4.204081535339356,2.0,2.220653295516968,4.866213321685791,4.01360559463501,5.0,3.6290810108184814,0.6109618544578552,3.6290810108184814,Very High,176.6752166748047,178905.0,1313175.0,,True,foundation_perm,False,valley_depth,False,-1,False,23068.40531369802,73.0,55.0,93.0,38.0,73,78.05303282876079,11.863648774947613
74,1871,3641,4.616780281066895,2.673469305038452,2.7845804691314697,5.0,4.0,5.0,5.0,5.0,4.265305995941162,2.0,3.2789034843444824,4.437641620635986,2.777777910232544,5.0,3.62845516204834,0.6110199093818665,3.62845516204834,Very High,321.7208251953125,243735.0,1269645.0,"streamflow,dependable_yield",False,foundation_perm,False,,True,-1,False,34126.255266167514,74.0,45.0,100.0,55.0,74,78.65095346609961,11.475887788130027
75,1296,3846,3.510204076766968,3.0,3.2403626441955566,5.0,4.0,5.0,2.3877551555633545,5.0,4.448979377746582,2.0,2.2876462936401367,4.0,3.40816330909729,5.0,3.627986907958984,0.6118737459182739,3.627986907958984,Very High,185.8573760986328,249885.0,1286895.0,,True,foundation_perm,False,valley_depth,False,-1,False,21461.87819861443,75.0,50.0,96.0,46.0,75,78.70602740024732,11.63221347984894
76,1243,3879,5.0,3.489795923233032,3.36281156539917,5.0,4.0,5.0,2.410430908203125,4.546485424041748,3.857142925262451,2.0,2.2106809616088867,3.0,3.594104290008545,5.0,3.627209901809693,0.6088786125183105,3.627209901809693,Very High,175.3083953857422,250875.0,1288485.0,,True,foundation_perm,False,valley_depth,False,-1,False,21033.18687167972,76.0,47.0,99.0,52.0,76,78.71498497142906,11.646653439944858
77,843,1433,1.0,1.6938775777816772,3.687074899673462,5.0,4.0,4.0,2.3741495609283447,5.0,4.244897842407227,2.0,1.1030977964401243,4.0,3.893423795700073,5.0,3.6238603591918954,0.6046197414398193,3.6238603591918954,Very High,23.50113296508789,177495.0,1300485.0,,True,foundation_perm,False,"valley_depth,relief,settlement",False,-1,False,26789.509313003902,77.0,62.0,97.0,35.0,77,78.04133455736442,11.748905539214284
78,502,1420,4.81179141998291,1.9795918464660645,3.4013607501983643,5.0,4.0,4.0,3.0,4.863945484161377,4.36734676361084,2.0,2.1863701343536377,5.0,3.8480725288391113,5.0,3.622649669647217,0.6064761877059937,3.622649669647217,Very High,171.976318359375,177105.0,1310715.0,,True,foundation_perm,False,"valley_depth,settlement",False,-1,False,21820.82852628449,78.0,59.0,108.0,49.0,78,78.03676789177501,11.84125921065811
79,1950,4027,1.0,1.8571428060531616,3.3492064476013184,3.2040815353393555,2.6530611515045166,5.0,3.0,5.0,4.244897842407227,2.0,1.0405000448226929,2.0,3.3492064476013184,5.0,3.616889953613281,0.5982220768928528,3.616889953613281,Very High,14.921390533447266,255315.0,1267275.0,catchment_area,False,foundation_perm,False,"valley_depth,relief,settlement",False,-1,False,40669.50176242978,79.0,71.0,93.0,22.0,79,78.75721223699314,11.455305446699562
80,1575,3496,5.0,2.755102157592773,3.3424038887023926,5.0,4.0,5.0,1.911564588546753,5.0,4.81632661819458,2.0,2.3233487606048584,2.0090701580047607,3.337868452072144,4.0,3.614055871963501,0.6045630574226379,3.614055871963501,Very High,190.75082397460935,239385.0,1278525.0,catchment_area,False,foundation_perm,False,"valley_depth,roads",False,-1,False,24539.27641504364,80.0,70.0,101.0,31.0,80,78.61042555997234,11.555802015496052
81,1978,3238,4.678004741668701,3.0,2.9682538509368896,5.0,4.0,5.0,3.0,5.0,4.489795684814453,2.0,2.754673957824707,3.0,2.9682538509368896,3.0,3.611461877822876,0.601711094379425,3.611461877822876,Very High,249.86898803710935,231645.0,1266435.0,"streamflow,dependable_yield",False,foundation_perm,False,valley_depth,False,-1,False,36499.70640541437,81.0,76.0,97.0,21.0,81,78.54045135263708,11.445971746492537
82,239,1294,2.6893422603607178,1.530612230300903,2.918367385864258,5.0,4.0,4.0,2.7959184646606445,5.0,4.510204315185547,2.0,1.933714866638184,1.0,3.535147428512573,4.0,3.61103630065918,0.5941150188446045,3.61103630065918,Very High,137.34695434570312,173325.0,1318605.0,"catchment_area,streamflow",False,foundation_perm,False,"valley_depth,relief,settlement",False,-1,False,17349.92525818194,82.0,72.0,108.0,36.0,82,78.00133166591479,11.912149139062796
83,492,658,4.0,3.8775510787963863,3.310657501220703,5.0,3.979591846466065,5.0,5.0,5.0,4.265305995941162,1.5714285373687744,1.4775679111480713,4.0,3.4444446563720703,3.0,3.6091628074646,0.5985807180404663,3.6091628074646,Very High,74.82666015625,154245.0,1311015.0,,True,foundation_perm,False,valley_depth,False,-1,False,5879.004649084433,83.0,65.0,122.0,57.0,83,77.82716601765499,11.84169777820882
84,1908,3959,1.0,3.0,3.2517006397247314,5.0,4.0,5.0,3.0,5.0,4.163265228271484,2.0,1.064264893531799,5.0,3.267573833465576,5.0,3.6089258193969727,0.6032319664955139,3.6089258193969727,Very High,18.178634643554688,253275.0,1268535.0,,True,foundation_perm,False,"valley_depth,relief",False,-1,False,38589.76991801794,84.0,68.0,109.0,41.0,84,78.73843308826643,11.466547625216233
85,1913,4031,1.0,3.0,3.147392511367798,5.0,4.0,5.0,5.0,5.0,4.163265228271484,2.0,1.0,3.439908981323242,3.147392511367798,5.0,3.607690334320069,0.5994673371315002,3.607690334320069,Very High,6.197279453277588,255435.0,1268385.0,,True,foundation_perm,False,"valley_depth,relief",False,-1,False,39765.56010805329,85.0,60.0,124.0,64.0,85,78.75823247898916,11.465344686503489
86,1251,3434,3.945578098297119,1.8775510787963867,2.557823181152344,5.0,4.0,5.0,2.6099772453308105,5.0,4.306122303009033,2.0,4.485428333282471,2.0,2.553287982940674,4.0,3.6074726581573486,0.6048804521560669,3.6074726581573486,Very High,487.0892028808594,237525.0,1288245.0,"catchment_area,streamflow,dependable_yield",False,foundation_perm,False,settlement,False,-1,False,14648.665860714174,86.0,59.0,124.0,65.0,86,78.59262879173932,11.643487172145878
87,1154,950,1.0,3.0,3.301587581634521,5.0,4.0,5.0,1.2993197441101074,5.0,4.591836929321289,2.0,1.1673259735107422,4.0,3.682539701461792,4.0,3.607141494750977,0.6051877737045288,3.607141494750977,Very High,32.30435943603516,163005.0,1291155.0,,True,foundation_perm,False,"valley_depth,relief,roads",False,-1,False,26363.976327282777,87.0,71.0,127.0,56.0,87,77.90947194729975,11.663244439081092
88,747,646,2.0,3.0,2.993196964263916,5.0,4.0,5.0,5.0,5.0,4.428571224212647,1.8956915140151975,2.5473053455352783,4.0,3.2539682388305664,4.0,3.607043743133545,0.6107883453369141,3.607043743133545,Very High,221.4467315673828,153885.0,1303365.0,streamflow,False,foundation_perm,False,"valley_depth,relief",False,-1,False,13414.179281160104,88.0,64.0,131.0,67.0,88,77.82466205402025,11.772584828818028
89,347,1701,3.167800188064575,2.775510311126709,3.2448983192443848,5.0,4.0,4.0,3.0,5.0,4.346938610076904,1.99092960357666,2.0532522201538086,5.0,3.319727897644043,4.0,3.606462001800537,0.608974039554596,3.606462001800537,Very High,153.7309112548828,185535.0,1315365.0,,True,foundation_perm,False,valley_depth,False,-1,False,29469.0078878763,89.0,72.0,118.0,46.0,89,78.1136192114108,11.884055900691559
90,1576,4105,1.0,1.163265347480774,3.167800188064575,5.0,4.0,5.0,3.0,5.0,4.18367338180542,2.775510311126709,1.0625663995742798,4.0,3.1632652282714844,5.0,3.605616807937622,0.6307567954063416,3.605616807937622,Very High,17.945831298828125,257655.0,1278495.0,,True,foundation_perm,False,"valley_depth,relief,settlement",False,-1,False,32904.32665269392,90.0,75.0,115.0,40.0,90,78.77785381528919,11.556862691261665
91,1854,3673,4.7891154289245605,4.0,2.918367385864258,5.0,4.0,5.0,5.0,5.0,4.448979377746582,1.4897959232330322,2.7228517532348637,5.0,2.909297466278076,5.0,3.605576515197754,0.6059035062789917,3.605576515197754,Very High,245.5074157714844,244695.0,1270155.0,"streamflow,dependable_yield",False,foundation_perm,False,valley_depth,False,-1,False,33882.316275466066,91.0,63.0,134.0,71.0,91,78.65971015613792,11.480566878844272
92,1324,3334,1.0,2.3061225414276123,2.403627872467041,5.0,4.0,5.0,1.5986394882202148,5.0,4.408163070678711,1.9183673858642576,1.0342445373535156,4.900226593017578,2.3854875564575195,3.0,3.604583740234375,0.5976806282997131,3.604583740234375,Very High,14.06399631500244,234525.0,1286055.0,"streamflow,dependable_yield",False,foundation_perm,False,"valley_depth,relief,roads",False,-1,False,16708.49402053902,92.0,85.0,105.0,20.0,92,78.56530271083166,11.62346832634577
93,1562,3870,1.0,1.6734694242477417,3.1179139614105225,5.0,4.0,5.0,2.1700680255889893,5.0,4.346938610076904,2.0,1.0409928560256958,4.253968715667725,3.224489688873291,5.0,3.60385799407959,0.606297492980957,3.60385799407959,Very High,14.988914489746094,250605.0,1278915.0,,True,foundation_perm,False,"valley_depth,relief,settlement",False,-1,False,28258.510909360863,93.0,84.0,103.0,19.0,93,78.713214507887,11.560155528248409
94,1732,4282,1.0,1.9387755393981931,3.435374021530152,5.0,4.0,5.0,2.800453424453736,5.0,4.346938610076904,1.6303855180740356,1.0543439388275146,5.0,3.412698268890381,5.0,3.603596448898315,0.5996526479721069,3.603596448898315,Very High,16.818845748901367,262965.0,1273815.0,,True,foundation_perm,False,"valley_depth,relief,settlement",False,-1,False,39949.67355306962,94.0,64.0,134.0,70.0,94,78.82684385266843,11.514937859312903
95,1534,4247,1.0,1.8775510787963867,3.249433279037476,5.0,4.0,5.0,2.814058780670166,5.0,4.18367338180542,2.0,1.0480480194091797,5.0,3.249433279037476,5.0,3.602198362350464,0.6040489673614502,3.602198362350464,Very High,15.955907821655272,261915.0,1279755.0,,True,foundation_perm,False,"valley_depth,relief,settlement",False,-1,False,35083.694888321705,95.0,85.0,112.0,27.0,95,78.81680705076388,11.568546033276466
96,2117,4149,1.0,4.0,3.743764162063599,5.0,4.0,5.0,3.0,5.0,4.326530456542969,2.0,1.0056287050247192,5.0,3.743764162063599,5.0,3.6018762588500977,0.5987810492515564,3.6018762588500977,Very High,9.593852996826172,258975.0,1262265.0,,True,foundation_perm,False,"valley_depth,relief",False,-1,False,46835.60432856831,96.0,67.0,121.0,54.0,96,78.79109328460648,11.410285510730766
97,830,1479,1.0,1.8979592323303225,3.4875283241271973,5.0,4.0,4.0,1.5396825075149536,5.0,4.081632614135742,2.0,1.0898606777191162,4.99092960357666,3.845804929733277,5.0,3.6015853881835938,0.6027022004127502,3.6015853881835938,Very High,21.68682289123535,178875.0,1300875.0,,True,foundation_perm,False,"valley_depth,relief,settlement,roads",False,-1,False,27681.04801399064,97.0,69.0,143.0,74.0,97,78.05394551773871,11.752558720751944
98,169,1412,1.0,1.3448275327682495,2.8448963165283203,5.0,4.0,4.0,2.900383234024048,4.9808430671691895,4.344827651977539,1.992337226867676,1.8736107349395752,4.0,3.4497127532958984,4.0,3.600092649459839,0.6003994941711426,3.600092649459839,Very High,129.10897827148438,176865.0,1320705.0,streamflow,False,foundation_perm,False,"valley_depth,relief,settlement",False,-1,False,21175.671631547557,98.0,83.0,119.0,36.0,98,78.03358982864383,11.931458575764031
99,1697,3764,1.0249433517456057,4.0,2.827664375305176,5.0,4.0,5.0,2.405895709991455,5.0,4.163265228271484,2.0,1.0228787660598757,5.0,2.6077098846435547,5.0,3.5991363525390625,0.6000827550888062,3.5991363525390625,Very High,12.501636505126951,247425.0,1274865.0,"streamflow,dependable_yield",False,foundation_perm,False,"valley_depth,relief",False,-1,False,30354.519168269057,99.0,72.0,126.0,54.0,99,78.68437282896244,11.523327313006027
100,986,1313,1.544217824935913,1.8775510787963867,3.6893422603607178,5.0,4.0,4.0,1.8752833604812624,5.0,4.551020622253418,2.0,1.2518612146377563,2.836734771728516,3.9365079402923584,5.0,3.598974227905273,0.6048766374588013,3.598974227905273,Very High,43.89090347290039,173895.0,1296195.0,catchment_area,False,foundation_perm,False,"valley_depth,relief,settlement,roads",False,-1,False,27077.193072701884,100.0,79.0,130.0,51.0,100,78.00875705189314,11.70981778415525
101,1852,4165,1.0,4.0,3.907029867172241,5.0,4.0,5.0,2.8911566734313965,5.0,4.081632614135742,2.9682538509368896,1.009832739830017,2.7868480682373047,3.907029867172241,5.0,3.597106456756592,0.6251738667488098,3.597106456756592,Very High,10.685059547424316,259455.0,1270215.0,catchment_area,False,foundation_perm,False,"valley_depth,relief",False,-1,False,40448.437350439766,101.0,77.0,123.0,46.0,101,78.79493359207527,11.482162724180808
102,1170,3977,1.7324262857437134,4.0,3.410430669784546,5.0,4.0,5.0,2.455782413482666,5.0,4.265305995941162,2.0,2.5246970653533936,5.0,3.4285712242126465,5.0,3.5970876216888428,0.6058355569839478,3.5970876216888428,Very High,218.34793090820312,253815.0,1290675.0,,True,foundation_perm,False,"valley_depth,relief",False,-1,False,22007.628349265284,102.0,83.0,120.0,37.0,102,78.74177646531628,11.666656206459924
103,1928,3109,4.600906848907471,2.1632652282714844,3.086168050765991,5.0,4.0,5.0,5.0,5.0,4.591836929321289,2.0,2.2991960048675537,5.0,3.1564629077911377,2.0,3.596913576126098,0.6008501052856445,3.596913576126098,Very High,187.4404296875,227775.0,1267935.0,runoff,False,foundation_perm,False,valley_depth,False,-1,False,35632.512589076214,103.0,87.0,123.0,36.0,103,78.50488612559236,11.459224205644478
104,1852,3509,4.886621475219727,2.0,3.013605117797852,5.0,4.0,5.0,3.2857143878936768,5.0,4.489795684814453,1.6666666269302368,2.578320026397705,3.0,3.013605117797852,4.0,3.596839427947998,0.6041301488876343,3.596839427947998,Very High,225.6976623535156,239775.0,1270215.0,,True,foundation_perm,False,valley_depth,False,-1,False,32816.7625050714,104.0,91.0,123.0,32.0,104,78.61463270797314,11.480743918218776
105,1433,3964,1.0,2.0,3.5170063972473145,5.0,4.0,5.0,3.0,5.0,4.469387531280518,2.0,1.0700830221176147,1.3900227546691897,3.5170063972473145,5.0,3.596060037612915,0.5960474610328674,3.596060037612915,Very High,18.97606468200684,253425.0,1282785.0,catchment_area,False,foundation_perm,False,"valley_depth,relief",False,-1,False,26884.38897080155,105.0,85.0,117.0,32.0,105,78.73877683121754,11.595329829264186
106,1361,3921,2.0,3.0,3.047618865966797,5.0,4.0,5.0,3.0,5.0,4.5714287757873535,2.0,1.049309015274048,3.2857143878936768,3.3015871047973637,5.0,3.5949254035949707,0.5987613201141357,3.5949254035949707,Very High,16.128746032714844,252135.0,1284945.0,,True,foundation_perm,False,"valley_depth,relief",False,-1,False,24421.581539226,106.0,84.0,119.0,35.0,106,78.72679523734867,11.614755858373428
107,909,1407,1.0,2.9387755393981934,3.689342498779297,5.0,4.0,4.0,2.959183692932129,5.0,4.346938610076904,2.0,1.0797852277755735,5.0,3.988662004470825,5.0,3.5948638916015625,0.6036450266838074,3.5948638916015625,Very High,20.305870056152344,176715.0,1298505.0,,True,foundation_perm,False,"valley_depth,relief",False,-1,False,27433.89771951432,107.0,82.0,139.0,57.0,107,78.0343768092437,11.73094920775493
108,1997,3986,1.0,4.0,3.1621317863464355,5.0,4.0,5.0,4.5912699699401855,4.960317134857178,4.25,1.9841270446777344,1.023953557014465,2.0,3.249433279037476,5.0,3.5942976474761963,0.5990885496139526,3.5942976474761963,Very High,12.653487205505373,254085.0,1265865.0,catchment_area,False,foundation_perm,False,"valley_depth,relief",False,-1,False,41334.64500821808,108.0,81.0,120.0,39.0,108,78.74604501451196,11.442477035526137
109,1739,4223,1.0,1.6530612707138062,3.181405782699585,5.0,4.0,5.0,3.6984124183654794,5.0,4.061224460601807,2.0,1.0020772218704224,5.0,3.181405782699585,5.0,3.5934722423553467,0.5958823561668396,3.5934722423553467,Very High,9.240363121032717,261195.0,1273605.0,,True,foundation_perm,False,"valley_depth,relief,settlement",False,-1,False,38907.00176514687,109.0,73.0,140.0,67.0,109,78.8106392646775,11.512918456707293
110,71,1706,3.96707820892334,3.0,3.026219606399536,5.0,4.0,4.0,2.9506170749664307,4.958847522735596,4.0,1.0,3.634614944458008,1.0,3.157436847686768,3.0,3.591409921646118,0.5682515501976013,3.591409921646118,Very High,370.4752197265625,185685.0,1323645.0,catchment_area,False,foundation_perm,False,,True,-1,False,30421.11028555426,110.0,71.0,166.0,95.0,110,78.11420409508453,11.958854107236208
111,1409,3652,1.0,1.8163264989852903,2.6893422603607178,5.0,4.0,5.0,3.0,5.0,4.408163070678711,2.0,1.0436214208602903,3.1950113773345947,2.7188210487365723,5.0,3.591193675994873,0.5977249145507812,3.591193675994873,Very High,15.349206924438477,244065.0,1283505.0,"streamflow,dependable_yield",False,foundation_perm,False,"valley_depth,relief,settlement",False,-1,False,21092.871701929093,111.0,95.0,127.0,32.0,111,78.65293563549808,11.601151740348532
112,1148,3196,5.0,3.0,2.8344669342041016,5.0,3.81632661819458,5.0,5.0,5.0,4.204081535339356,2.9795918464660645,2.332332134246826,4.0,2.5804989337921143,2.0,3.5884175300598145,0.6301326155662537,3.5884175300598145,Very High,191.9821014404297,230385.0,1291335.0,"streamflow,dependable_yield,runoff",False,foundation_perm,False,valley_depth,False,-1,False,12462.72057077628,112.0,69.0,156.0,87.0,112,78.52693690803484,11.67085090571343
113,468,1618,2.0,3.0,4.083900451660156,5.0,4.0,4.0,2.832199811935425,5.0,4.551020622253418,2.0,1.2451332807540894,4.0,4.344671249389648,4.0,3.587621688842773,0.6029959321022034,3.587621688842773,Very High,42.96875381469727,183045.0,1311735.0,,True,foundation_perm,False,"valley_depth,relief",False,-1,False,27388.1740630652,113.0,84.0,157.0,73.0,113,78.09113261228458,11.851036230520224
114,659,3631,4.276643753051758,3.959183692932129,3.365079402923584,5.0,3.0,5.0,3.0,4.600906848907471,4.5714287757873535,2.0,1.8713377714157104,4.972789287567139,3.365079402923584,4.0,3.586097955703736,0.6058111190795898,3.586097955703736,Very High,128.79742431640625,243435.0,1306005.0,,True,foundation_perm,False,valley_depth,False,-1,False,8664.382080499303,114.0,101.0,132.0,31.0,114,78.64544170325497,11.80441249355305
115,149,1473,4.0,1.9642857313156128,3.047618865966797,5.0,4.0,4.0,2.873015880584717,5.0,4.392857074737549,2.0,1.8263214826583865,4.0,3.591269969940185,4.0,3.5850625038146973,0.6066663861274719,3.5850625038146973,Very High,122.62742614746094,178695.0,1321305.0,,True,foundation_perm,False,"valley_depth,settlement",False,-1,False,23088.491130080747,115.0,83.0,162.0,79.0,115,78.05031515451559,11.937053964661082
116,1381,3773,1.0,2.7959184646606445,2.818593978881836,5.0,4.0,5.0,3.0,5.0,4.387754917144775,2.732426166534424,1.1721513271331787,5.0,3.088435649871826,5.0,3.584556102752685,0.6224837303161621,3.584556102752685,Very High,32.96573638916016,247695.0,1284345.0,streamflow,False,foundation_perm,False,"valley_depth,relief",False,-1,False,22120.51443511664,116.0,83.0,145.0,62.0,116,78.68614306937285,11.609010610055613
117,797,1458,1.0,1.469387769699097,3.8299319744110103,5.0,4.0,4.0,3.0,5.0,4.469387531280518,2.0,1.113206386566162,3.061224460601806,4.151927471160889,5.0,3.5838589668273926,0.5993763208389282,3.5838589668273926,Very High,24.886621475219727,178245.0,1301865.0,,True,foundation_perm,False,"valley_depth,relief,settlement",False,-1,False,26604.174206449305,117.0,103.0,142.0,39.0,117,78.0480758006095,11.761440171607305
118,1524,3672,3.8820862770080566,3.0,2.630385398864746,5.0,4.0,5.0,1.2176871299743652,5.0,4.142857074737549,2.0,1.821516036987305,2.0,2.6235828399658203,5.0,3.582990884780884,0.6001372933387756,3.582990884780884,Very High,121.96875,244665.0,1280055.0,"catchment_area,streamflow,dependable_yield",False,foundation_perm,False,"valley_depth,roads",False,-1,False,24500.62447029401,118.0,91.0,137.0,46.0,118,78.65869439753001,11.570021994833656
119,1768,4109,1.0,2.551020383834839,3.4807257652282715,5.0,4.0,5.0,3.75283432006836,5.0,4.36734676361084,2.0,1.0618808269500732,2.0,3.464852809906006,5.0,3.580520868301392,0.600113034248352,3.580520868301392,Very High,17.851852416992188,257775.0,1272735.0,catchment_area,False,foundation_perm,False,"valley_depth,relief",False,-1,False,37423.64173751949,119.0,99.0,135.0,36.0,119,78.77936273923196,11.504818870738447
120,614,3584,4.970521450042725,3.0,3.2222225666046143,5.0,3.0,5.0,4.587301254272461,5.0,4.5714287757873535,2.0,1.7918742895126345,4.875283241271973,3.3356008529663086,4.0,3.5801942348480225,0.601838231086731,3.5801942348480225,Very High,117.90602111816406,242025.0,1307355.0,,True,foundation_perm,False,valley_depth,False,-1,False,8066.284669421322,120.0,98.0,150.0,52.0,120,78.63240471227651,11.816503281205117
121,278,948,4.647618770599365,2.171428680419922,4.253696441650391,5.0,3.0,5.0,2.568253755569458,4.387301445007324,3.7142856121063232,1.9365079402923584,1.7660138607025146,1.0,4.487256050109863,4.0,3.578845739364624,0.5870541930198669,3.578845739364624,Very High,114.3615493774414,162945.0,1317435.0,catchment_area,False,foundation_perm,False,valley_depth,False,-1,False,6904.382180135284,121.0,107.0,150.0,43.0,121,77.90626514302805,11.900554169767974
122,953,1290,1.0,1.795918345451355,3.614512920379639,5.0,4.0,4.0,1.8707484006881716,5.0,4.36734676361084,2.0,1.2183923721313477,4.0,3.839002370834351,5.0,3.5780062675476074,0.6022546291351318,3.5780062675476074,Very High,39.3036003112793,173205.0,1297185.0,,True,foundation_perm,False,"valley_depth,relief,settlement,roads",False,-1,False,25877.92995203516,122.0,105.0,149.0,44.0,122,78.00233751592445,11.718692433210354
123,1337,3479,1.0,3.0,2.598639249801636,5.0,4.0,5.0,5.0,5.0,4.510204315185547,2.0,1.008946657180786,5.0,2.555555582046509,4.0,3.5770821571350098,0.5946081280708313,3.5770821571350098,Very High,9.716804504394531,238875.0,1285665.0,"streamflow,dependable_yield",False,foundation_perm,False,"valley_depth,relief",False,-1,False,17423.239788069233,123.0,91.0,158.0,67.0,123,78.60520258218469,11.62027837082389
124,1705,3941,1.0,2.551020383834839,3.2947847843170166,5.0,4.0,5.0,3.965986490249634,5.0,4.18367338180542,2.0,1.0038014650344849,1.0,3.1972787380218506,5.0,3.576220750808716,0.5914923548698425,3.576220750808716,Very High,8.876543045043945,252735.0,1274625.0,catchment_area,False,foundation_perm,False,"valley_depth,relief",False,-1,False,33024.79763761618,124.0,89.0,160.0,71.0,124,78.73304584966927,11.5215420819518
125,1130,4086,2.0,4.734694004058838,3.276643991470337,5.0,3.795918464660645,5.0,1.2857142686843872,5.0,4.387754917144775,2.0,2.6442558765411377,2.0,3.276643991470337,5.0,3.576098918914795,0.5984499454498291,3.576098918914795,Very High,234.7349548339844,257085.0,1291875.0,catchment_area,False,foundation_perm,False,"valley_depth,relief,roads",False,-1,False,24246.353783685485,125.0,87.0,161.0,74.0,125,78.77166920661328,11.677734338921773
126,1819,4142,1.0,3.5306122303009038,3.174603223800659,5.0,4.0,5.0,3.00453519821167,5.0,4.244897842407227,2.6190474033355717,1.0047738552093506,5.0,3.1678006649017334,5.0,3.575798988342285,0.6249645948410034,3.575798988342285,Very High,9.864449501037598,258765.0,1271205.0,,True,foundation_perm,False,"valley_depth,relief",False,-1,False,39242.19122990078,126.0,89.0,166.0,77.0,126,78.78854191633047,11.491061425691578
127,1577,3764,1.0,1.59183669090271,2.58730149269104,5.0,4.0,5.0,2.401360511779785,5.0,4.428571224212647,2.0,1.0315074920654297,5.0,2.716552972793579,5.0,3.575434446334839,0.6016589999198914,3.575434446334839,Very High,13.688838958740234,247425.0,1278465.0,"streamflow,dependable_yield",False,foundation_perm,False,"valley_depth,relief,settlement",False,-1,False,27086.09021292149,127.0,119.0,139.0,20.0,127,78.68410595997184,11.555857800890646
128,1743,3507,4.616780281066895,3.938775539398194,2.9455783367156982,5.0,4.0,5.0,4.487528324127197,5.0,4.326530456542969,2.0,2.8201701641082764,4.0,2.9433107376098637,4.0,3.5753304958343506,0.6034975647926331,3.5753304958343506,Very High,258.8460693359375,239715.0,1273485.0,"streamflow,dependable_yield",False,foundation_perm,False,valley_depth,False,-1,False,29570.23025639748,128.0,90.0,167.0,77.0,128,78.61383426829528,11.510286541056123
129,1126,3247,3.390022754669189,4.0,2.3492064476013184,5.0,4.0,5.0,2.6145124435424805,5.0,4.306122303009033,2.0,2.28100848197937,5.0,2.140589714050293,2.0,3.574288845062256,0.6039025187492371,3.574288845062256,Very High,184.9475860595703,231915.0,1291995.0,"streamflow,dependable_yield,runoff",False,foundation_perm,False,valley_depth,False,-1,False,11298.974814926036,129.0,94.0,165.0,71.0,129,78.54090932144263,11.676934583101072
130,1270,4005,1.0,4.0,3.233559846878052,5.0,4.0,5.0,2.564625740051269,5.0,4.163265228271484,2.0,1.029042363166809,3.0136055946350098,3.2539680004119877,5.0,3.5736100673675537,0.597194254398346,3.5736100673675537,Very High,13.350971221923828,254655.0,1287675.0,,True,foundation_perm,False,"valley_depth,relief",False,-1,False,24440.81286356381,130.0,101.0,159.0,58.0,130,78.74969582594638,11.63960686587541
131,1668,3590,4.913832187652588,2.061224460601806,2.770975112915039,5.0,4.0,5.0,2.99546480178833,5.0,4.265305995941162,2.0,1.687452793121338,5.0,2.761904716491699,4.0,3.572537899017334,0.6000183820724487,3.572537899017334,Very High,103.5938491821289,242205.0,1275735.0,"streamflow,dependable_yield",False,foundation_perm,False,valley_depth,False,-1,False,27847.004106083765,131.0,123.0,142.0,19.0,131,78.6364778263387,11.530803619362644
132,1994,4075,1.0,3.0,3.537414789199829,5.0,4.0,5.0,2.918367385864258,5.0,4.36734676361084,2.0,1.003470540046692,3.0,3.537414789199829,5.0,3.571256160736084,0.5967791676521301,3.571256160736084,Very High,8.56135082244873,256755.0,1265955.0,,True,foundation_perm,False,"valley_depth,relief",False,-1,False,42529.7611000121,132.0,111.0,152.0,41.0,132,78.77049777452474,11.443477730816303
133,1733,4105,1.0,1.8571428060531616,3.8503401279449454,5.0,4.0,5.0,3.0,5.0,4.204081535339356,2.0,1.039376974105835,2.0,3.814058780670166,5.0,3.571222305297852,0.5976132154464722,3.571222305297852,Very High,14.767447471618652,257655.0,1273785.0,catchment_area,False,foundation_perm,False,"valley_depth,relief,settlement",False,-1,False,36513.93478176127,133.0,120.0,144.0,24.0,133,78.77818871659942,11.514299180575108
134,1240,1005,1.6235828399658203,1.9795918464660645,3.378684759140014,5.0,4.0,5.0,2.324262857437134,5.0,4.265305995941162,2.0,1.0956144332885742,3.0,3.673469305038452,4.0,3.5704715251922607,0.5995693206787109,3.5704715251922607,Very High,22.47543334960937,164655.0,1288575.0,,True,foundation_perm,False,"valley_depth,relief,settlement",False,-1,False,29300.67698097007,134.0,110.0,159.0,49.0,134,77.92484505230723,11.640107980857875
135,1196,4040,1.0,5.0,3.1065762042999268,5.0,4.0,5.0,3.0,5.0,4.142857074737549,2.0,1.0909011363983154,5.0,3.1111114025115967,5.0,3.569868326187134,0.5954317450523376,3.569868326187134,Very High,21.82942771911621,255705.0,1289895.0,,True,foundation_perm,False,"valley_depth,relief",False,-1,False,24018.976969735064,135.0,124.0,149.0,25.0,135,78.75916047057314,11.65974329718457
136,1318,3897,1.0,3.959183692932129,3.045351266860962,5.0,4.0,5.0,1.7664399147033691,5.0,4.387754917144775,2.0,1.1057779788970947,3.979591846466065,3.321995735168457,5.0,3.569044589996338,0.5937275290489197,3.569044589996338,Very High,23.868480682373047,251415.0,1286235.0,,True,foundation_perm,False,"valley_depth,relief,roads",False,-1,False,22991.29934686492,136.0,112.0,160.0,48.0,136,78.7201008340644,11.626360772981878
137,1377,3490,1.0,2.0,2.5306122303009038,5.0,4.0,5.0,3.0,5.0,4.163265228271484,2.0,1.0332666635513306,5.0,2.507936477661133,4.0,3.568709373474121,0.595619261264801,3.568709373474121,Very High,13.929957389831545,239205.0,1284465.0,"streamflow,dependable_yield",False,foundation_perm,False,"valley_depth,relief",False,-1,False,18665.093825456526,137.0,120.0,157.0,37.0,137,78.60831968488843,11.609460628204301
138,1101,1104,2.0,2.4285714626312256,3.321995258331299,5.0,4.0,4.0,3.0,5.0,4.36734676361084,2.0,1.1941697597503662,5.0,3.770975112915039,5.0,3.5686769485473637,0.5968735218048096,3.5686769485473637,Very High,35.98362350463867,167625.0,1292745.0,,True,foundation_perm,False,"valley_depth,relief",False,-1,False,26493.5203380553,138.0,116.0,161.0,45.0,138,77.95164215855287,11.678055564935997
139,1215,3942,1.4852606058120728,3.6530611515045166,2.907029390335083,5.0,4.0,5.0,2.59183669090271,5.0,4.306122303009033,2.0,1.1649436950683594,4.736961364746094,3.172335624694824,5.0,3.5670320987701416,0.5952792167663574,3.5670320987701416,Very High,31.977828979492188,252765.0,1289325.0,streamflow,False,foundation_perm,False,"valley_depth,relief",False,-1,False,21935.91692136089,139.0,106.0,171.0,65.0,139,78.7322492646672,11.654381140179312
140,1512,3781,1.0,1.795918345451355,2.723356246948242,5.0,4.0,5.0,3.00453519821167,5.0,4.326530456542969,2.0,1.018731713294983,4.99092960357666,2.841269969940185,5.0,3.566537618637085,0.5975353121757507,3.566537618637085,Very High,11.88309383392334,247935.0,1280415.0,"streamflow,dependable_yield",False,foundation_perm,False,"valley_depth,relief,settlement",False,-1,False,25598.869002854248,140.0,126.0,153.0,27.0,140,78.68863496384706,11.57351580553225
141,1634,3751,1.0,3.510204076766968,2.659863948822021,5.0,4.0,5.0,2.1201813220977783,5.0,4.122448921203613,2.59183669090271,1.0395516157150269,5.0,2.655328750610352,5.0,3.566108703613281,0.6214689612388611,3.566108703613281,Very High,14.79138469696045,247035.0,1276755.0,"streamflow,dependable_yield",False,foundation_perm,False,"valley_depth,relief",False,-1,False,28467.19167849704,141.0,100.0,182.0,82.0,141,78.6806590984285,11.540377295267781
142,1687,4045,1.0,2.734693765640259,3.439908981323242,5.0,4.0,5.0,3.0,5.0,4.469387531280518,2.0,1.0333291292190552,5.0,3.42630386352539,5.0,3.564662456512451,0.5999661684036255,3.564662456512451,Very High,13.938522338867188,255855.0,1275165.0,,True,foundation_perm,False,"valley_depth,relief",False,-1,False,34327.996118918854,142.0,107.0,177.0,70.0,142,78.76159640978904,11.526643449908391
143,1741,3910,1.0,4.0,2.954648494720459,5.0,4.0,5.0,3.0,5.0,4.428571224212647,1.8253967761993408,1.0303200483322144,2.0,2.9455783367156982,5.0,3.5630125999450684,0.5948489904403687,3.5630125999450684,Very High,13.526078224182127,251805.0,1273545.0,"catchment_area,streamflow,dependable_yield",False,foundation_perm,False,"valley_depth,relief",False,-1,False,33483.89658143971,143.0,110.0,182.0,72.0,143,78.7246026889644,11.511716068554474
144,1121,3338,3.1609976291656494,4.0,2.4376416206359863,5.0,4.0,5.0,1.7120180130004885,5.0,4.612245082855225,2.489795923233032,2.7507266998291016,4.319727897644043,2.405895709991455,3.0,3.561610221862793,0.6356588006019592,3.561610221862793,Very High,249.3280487060547,234645.0,1292145.0,"streamflow,dependable_yield",False,foundation_perm,False,"valley_depth,roads",False,-1,False,10622.6083161907,144.0,107.0,189.0,82.0,144,78.56592338363988,11.678503199806206
145,1885,4125,1.0,3.0,3.503401041030884,5.0,4.0,5.0,3.0,5.0,4.244897842407227,2.0,1.0412594079971311,3.0,3.494330883026123,5.0,3.561200857162476,0.5995484590530396,3.561200857162476,Very High,15.025447845458984,258255.0,1269225.0,,True,foundation_perm,False,"valley_depth,relief",False,-1,False,40560.89454033631,145.0,138.0,162.0,24.0,145,78.78400880503965,11.473132853937058
146,1724,3970,1.0,2.2448978424072266,3.451246976852417,5.0,4.0,5.0,3.0,5.0,4.244897842407227,2.0,1.0576417446136477,2.963718891143799,3.369614601135254,5.0,3.559897184371948,0.5962954163551331,3.559897184371948,Very High,17.270849227905273,253605.0,1274055.0,catchment_area,False,foundation_perm,False,"valley_depth,relief",False,-1,False,33969.353198916724,146.0,134.0,171.0,37.0,146,78.74105892218428,11.51645326265318
147,1043,985,1.9024943113327024,1.40816330909729,3.1043081283569336,5.0,4.0,5.0,2.3877551555633545,5.0,4.081632614135742,2.0,1.2081459760665894,4.2562360763549805,3.6530611515045166,5.0,3.559731960296631,0.6015529036521912,3.559731960296631,Very High,37.89921951293945,164055.0,1294485.0,,True,foundation_perm,False,"valley_depth,relief,settlement",False,-1,False,23501.67306953976,147.0,122.0,178.0,56.0,147,77.91875917288459,11.693419133384873
148,647,1032,2.0,1.59183669090271,3.4240365028381348,5.0,4.0,4.0,2.351473808288574,5.0,4.469387531280518,2.0,1.178182601928711,4.0,3.9206347465515137,5.0,3.5584404468536377,0.5987911224365234,3.5584404468536377,Very High,33.792388916015625,165465.0,1306365.0,,True,foundation_perm,False,"valley_depth,relief,settlement",False,-1,False,13875.883967229003,148.0,112.0,199.0,87.0,148,77.93049008873705,11.800840078686077
149,1695,4335,1.0,2.0,3.467592477798462,5.0,4.0,5.0,1.2489711046218872,4.979423999786377,4.814815044403076,1.991769552230835,1.0590901374816897,2.0987653732299805,3.4593617916107178,5.0,3.55826997756958,0.5954256057739258,3.55826997756958,Very High,17.469364166259766,264555.0,1274925.0,catchment_area,False,foundation_perm,False,"valley_depth,relief,roads",False,-1,False,40288.33651889472,149.0,108.0,201.0,93.0,149,78.84133729247397,11.525077671723695
150,1439,3899,1.0,2.4285714626312256,3.253968477249145,5.0,4.0,5.0,1.4217686653137207,5.0,4.693877696990967,2.0,1.0618386268615725,1.0,3.383220195770264,5.0,3.557699203491211,0.5944888591766357,3.557699203491211,Very High,17.84605598449707,251475.0,1282605.0,catchment_area,False,foundation_perm,False,"valley_depth,relief,roads",False,-1,False,25759.03501000136,150.0,133.0,176.0,43.0,150,78.72091732879305,11.593562861703047
151,2115,4115,1.0,2.59183669090271,3.8820862770080566,5.0,4.0,5.0,2.773242473602295,5.0,4.469387531280518,2.0,1.0128161907196045,2.0,3.9274380207061768,5.0,3.557692050933838,0.5922609567642212,3.557692050933838,Very High,10.949357986450195,257955.0,1262325.0,catchment_area,False,foundation_perm,False,"valley_depth,relief",False,-1,False,46278.362162148136,151.0,136.0,170.0,34.0,151,78.7817460150469,11.410757239346683
152,1976,3448,4.741497039794922,2.9795918464660645,2.693877458572388,5.0,4.0,5.0,3.0,5.0,4.408163070678711,1.3809523582458496,3.5019285678863525,4.0,2.682539939880371,4.0,3.557302474975586,0.6038007736206055,3.557302474975586,Very High,352.2889709472656,237945.0,1266495.0,"streamflow,dependable_yield",False,foundation_perm,False,,True,-1,False,36333.66654121115,152.0,112.0,192.0,80.0,152,78.59815224960774,11.446993420271198
153,1305,3807,1.0,4.591836929321289,2.863945722579956,5.0,4.0,5.0,3.0,5.0,4.265305995941162,2.0,2.093709945678711,5.0,2.863945722579956,5.0,3.557116985321045,0.5993578433990479,3.557116985321045,Very High,159.27613830566406,248715.0,1286625.0,"streamflow,dependable_yield",False,foundation_perm,False,"valley_depth,relief",False,-1,False,20898.25899904526,153.0,131.0,178.0,47.0,153,78.69532267091449,11.629688095321043
154,1426,3814,1.0,2.0204081535339355,2.922902584075928,5.0,4.0,5.0,2.1519274711608887,5.0,4.224489688873291,2.0,1.0615884065628052,1.0,2.922902584075928,5.0,3.555497646331787,0.5904528498649597,3.555497646331787,Very High,17.811792373657227,248925.0,1282995.0,"catchment_area,streamflow,dependable_yield",False,foundation_perm,False,"valley_depth,relief",False,-1,False,23927.851489231125,154.0,131.0,176.0,45.0,154,78.69751693672045,11.596901770290188
155,1841,4042,1.0,4.0,3.2063488960266118,5.0,4.0,5.0,2.741496562957764,5.0,4.163265228271484,2.0,1.0192886590957642,2.0294783115386963,3.190476179122925,5.0,3.555419921875,0.5933963656425476,3.555419921875,Very High,11.883345603942873,255765.0,1270545.0,catchment_area,False,foundation_perm,False,"valley_depth,relief",False,-1,False,38090.38329186336,155.0,130.0,183.0,53.0,155,78.76110184643595,11.484887303647568
156,1985,3558,4.63265323638916,2.632652997970581,2.0544216632843018,5.0,1.0,5.0,2.9727892875671387,3.5668933391571045,4.0,1.4897959232330322,3.792991876602173,5.0,2.0544216632843018,4.0,3.554876804351806,0.5911600589752197,3.554876804351806,Very High,392.1826477050781,241245.0,1266225.0,"streamflow,dependable_yield",False,"foundation_perm,geomorphology",False,,True,-1,False,36978.45531212587,156.0,108.0,231.0,123.0,156,78.62840033091096,11.444800376918666
157,68,1740,3.8217053413391113,1.9302325248718264,2.627759456634521,5.0,4.0,4.0,3.0,4.961240291595459,4.0,1.9844962358474727,3.282476663589477,3.0,2.756441354751587,3.0,3.55282998085022,0.6009467840194702,3.55282998085022,Very High,322.2105407714844,186705.0,1323735.0,"streamflow,dependable_yield",False,foundation_perm,False,settlement,False,-1,False,31434.55839501399,157.0,111.0,228.0,117.0,157,78.12355207829569,11.95976305575983
158,1457,4034,1.0,1.1224489212036133,3.106575727462769,5.0,4.0,5.0,2.959183692932129,5.0,4.163265228271484,2.0,1.0056288242340088,5.0,3.092970609664917,5.0,3.552457094192505,0.5923560261726379,3.552457094192505,Very High,10.105567932128906,255525.0,1282065.0,,True,foundation_perm,False,"valley_depth,relief,settlement",False,-1,False,28846.14363236461,158.0,115.0,207.0,92.0,158,78.75807652619113,11.588973393700575
159,1392,3880,1.0,2.5714285373687744,3.086167573928833,5.0,4.0,5.0,2.8911566734313965,5.0,4.306122303009033,2.0,1.072026014328003,4.0,3.242630243301392,5.0,3.5488858222961426,0.5954281091690063,3.5488858222961426,Very High,19.24237823486328,250905.0,1284015.0,,True,foundation_perm,False,"valley_depth,relief",False,-1,False,24305.247906017183,159.0,152.0,180.0,28.0,159,78.7155894147461,11.606262954263574
160,1908,4083,1.0,2.8979592323303223,3.190476179122925,5.0,4.0,5.0,2.18820858001709,5.0,4.265305995941162,2.0,1.0099302530288696,5.0,3.172335624694824,5.0,3.548747062683105,0.5939757227897644,3.548747062683105,Very High,10.627614974975586,256995.0,1268535.0,,True,foundation_perm,False,"valley_depth,relief",False,-1,False,40446.6255494635,160.0,143.0,189.0,46.0,160,78.7725137957066,11.46680956132582
161,1790,4181,1.0,2.5306122303009038,3.734693765640259,5.0,4.0,5.0,2.9274375438690186,5.0,4.265305995941162,2.0,1.0537153482437134,2.850339889526367,3.734693765640259,5.0,3.548689365386963,0.6006535291671753,3.548689365386963,Very High,16.73267936706543,259935.0,1272075.0,catchment_area,False,foundation_perm,False,"valley_depth,relief",False,-1,False,39266.482747071175,161.0,155.0,179.0,24.0,161,78.79920100216876,11.499004753701977
162,1908,3997,1.0,3.081632614135742,3.154195070266724,5.0,4.0,5.0,3.0,5.0,4.18367338180542,2.0,1.0008859634399414,2.0,3.154195070266724,5.0,3.546983480453491,0.5883821845054626,3.546983480453491,Very High,8.111615180969238,254415.0,1268535.0,catchment_area,False,foundation_perm,False,"valley_depth,relief",False,-1,False,39130.5983665351,162.0,139.0,200.0,61.0,162,78.74887708764528,11.466628317774203
163,177,1520,4.0,3.0,2.918367385864258,5.0,4.0,4.0,2.7142856121063232,3.6666665077209473,4.551020622253418,2.0,4.424259185791016,4.0,3.544217824935913,4.0,3.5465567111968994,0.6018567085266113,3.5465567111968994,Very High,479.1774291992188,180105.0,1320465.0,streamflow,False,foundation_perm,False,,True,-1,False,24322.888969245225,163.0,143.0,198.0,55.0,163,78.06332922343732,11.92960294544559
164,1872,4022,1.0,4.0,3.362812042236328,5.0,4.0,5.0,3.00453519821167,5.0,4.448979377746582,2.0,1.0021874904632568,3.0,3.360544204711914,5.0,3.5465328693389893,0.5917722582817078,3.5465328693389893,Very High,8.25547981262207,255165.0,1269615.0,,True,foundation_perm,False,"valley_depth,relief",False,-1,False,38568.87614125916,164.0,135.0,206.0,71.0,164,78.75567106130295,11.476440881231234
165,1012,965,1.8299319744110107,1.7142857313156128,3.39455795288086,5.0,4.0,5.0,2.9682538509368896,5.0,4.469387531280518,1.8571428060531616,1.1741679906845093,3.0,3.857142925262451,5.0,3.546034812927246,0.599236786365509,3.546034812927246,Very High,33.24212646484375,163455.0,1295415.0,,True,foundation_perm,False,"valley_depth,relief,settlement",False,-1,False,22424.77134523699,165.0,140.0,189.0,49.0,165,77.91316845868147,11.70175821761169
166,1930,3071,5.0,3.0,3.190476417541504,5.0,3.81632661819458,5.0,5.0,4.972789287567139,3.775510311126709,2.0,2.1557984352111816,4.0,3.2585034370422363,2.0,3.545201539993286,0.5947706699371338,3.545201539993286,Very High,167.7860870361328,226635.0,1267875.0,runoff,False,foundation_perm,False,valley_depth,False,-1,False,35952.21796210997,166.0,148.0,193.0,45.0,166,78.49444903434942,11.458592747796963
167,1495,3413,5.0,3.0,3.39455795288086,5.0,3.6530611515045166,5.0,4.682539463043213,5.0,3.367347002029419,2.0,1.6345224380493164,5.0,3.3310658931732178,4.0,3.545004367828369,0.5979330539703369,3.545004367828369,Very High,96.33912658691406,236895.0,1280925.0,,True,foundation_perm,False,valley_depth,False,-1,False,21865.608958096924,167.0,143.0,191.0,48.0,167,78.58742306003307,11.57729846854634
168,1483,1969,3.471655368804932,3.0,2.7959184646606445,5.0,4.0,4.0,4.972789287567139,5.0,4.387754917144775,1.8571428060531616,2.1544840335845947,5.0,2.777777910232544,3.0,3.5446906089782715,0.5999429821968079,3.5446906089782715,Very High,167.60594177246094,193575.0,1281285.0,"streamflow,dependable_yield",False,foundation_perm,False,valley_depth,False,-1,False,34839.24279834565,168.0,146.0,195.0,49.0,168,78.19047161275445,11.576968992149762
169,1761,4160,1.0,1.9795918464660645,3.693877935409546,5.0,4.0,5.0,1.204081654548645,5.0,4.142857074737549,2.0,1.060560941696167,3.0,3.675737142562866,5.0,3.5441441535949707,0.597895622253418,3.5441441535949707,Very High,17.670949935913086,259305.0,1272945.0,,True,foundation_perm,False,"valley_depth,relief,settlement,roads",False,-1,False,38193.59707602282,169.0,155.0,191.0,36.0,169,78.79336719766798,11.506823228835156
170,1505,4275,1.0,2.9387755393981934,3.287982225418091,5.0,4.0,5.0,5.0,5.0,4.387754917144775,2.0,1.0028842687606812,5.0,3.287982225418091,5.0,3.5437419414520264,0.5927876830101013,3.5437419414520264,Very High,9.114638328552246,262755.0,1280625.0,,True,foundation_perm,False,"valley_depth,relief",False,-1,False,35169.0728148518,170.0,136.0,215.0,79.0,170,78.82444503894595,11.576466242342422
171,1095,3183,5.0,3.2448978424072266,2.4693877696990967,5.0,4.0,5.0,5.0,5.0,4.510204315185547,2.0,3.7457950115203857,4.0,2.3401360511779785,2.0,3.541156768798828,0.5963344573974609,3.541156768798828,Very High,385.7137756347656,229995.0,1292925.0,"streamflow,dependable_yield,runoff",False,foundation_perm,False,,True,-1,False,11209.389727289004,171.0,114.0,257.0,143.0,171,78.52323432833332,11.685185892795708
172,1173,4076,1.2335600852966309,4.0,3.1972789764404297,5.0,4.0,5.0,2.8911561965942383,5.0,4.612245082855225,2.0,1.1255905628204346,4.0,3.1972789764404297,5.0,3.5411319732666016,0.5987730026245117,3.5411319732666016,Very High,26.58402633666992,256785.0,1290585.0,,True,foundation_perm,False,"valley_depth,relief",False,-1,False,24589.96241953604,172.0,151.0,207.0,56.0,172,78.76901189064945,11.666055633559184
173,2065,4189,1.0,4.0,3.1269843578338623,5.0,4.0,5.0,2.773242473602295,5.0,4.0,2.0,1.0,3.7936503887176514,3.1269843578338623,5.0,3.5398595333099365,0.5925974249839783,3.5398595333099365,Very High,7.319980144500732,260175.0,1263825.0,,True,foundation_perm,False,"valley_depth,relief",False,-1,False,46127.246436073736,173.0,133.0,238.0,105.0,173,78.80197662545066,11.424465868969122
174,1488,4088,1.0,1.3061224222183228,3.337868452072144,5.0,4.0,5.0,2.4285714626312256,5.0,4.36734676361084,2.0,1.069877028465271,1.3990930318832395,3.3356008529663086,5.0,3.538973569869995,0.5892545580863953,3.538973569869995,Very High,18.947847366333008,257145.0,1281135.0,catchment_area,False,foundation_perm,False,"valley_depth,relief,settlement",False,-1,False,30646.6931144078,174.0,160.0,201.0,41.0,174,78.77299121980458,11.580683945028197
175,1268,4053,1.0,4.0,3.276643991470337,5.0,4.0,5.0,2.274376392364502,5.0,4.36734676361084,2.0,1.211166262626648,3.0,3.276643991470337,5.0,3.5386762619018555,0.5901000499725342,3.5386762619018555,Very High,38.31317901611328,256095.0,1287735.0,,True,foundation_perm,False,"valley_depth,relief",False,-1,False,25554.84940021674,175.0,152.0,217.0,65.0,175,78.76289212238261,11.640251931031402
176,1675,4246,1.0,2.18367338180542,3.22902512550354,5.0,4.0,5.0,3.0,5.0,4.346938610076904,1.7823129892349243,1.0445791482925415,4.709750652313232,3.22902512550354,5.0,3.538649559020996,0.5957785248756409,3.538649559020996,Very High,15.480475425720217,261885.0,1275525.0,,True,foundation_perm,False,"valley_depth,relief",False,-1,False,37968.708861365085,176.0,130.0,245.0,115.0,176,78.81682800131225,11.530317170547146
177,626,595,4.861678123474121,3.0,2.9206349849700928,5.0,4.0,5.0,5.0,5.0,4.0,1.0,1.706510066986084,2.0,3.0702943801879883,3.0,3.538257122039795,0.5643702149391174,3.538257122039795,Very High,106.20584869384766,152355.0,1306995.0,"catchment_area,streamflow",False,foundation_perm,False,valley_depth,False,-1,False,10302.935467415926,177.0,131.0,259.0,128.0,177,77.810261875925,11.805204926403245
178,1091,974,1.9705215692520144,1.5102040767669678,3.095238208770752,5.0,4.0,5.0,2.6689343452453613,5.0,4.387754917144775,1.9501134157180784,1.1567800045013428,3.045351505279541,3.6099772453308105,4.0,3.537851572036743,0.5968052744865417,3.537851572036743,Very High,30.858905792236328,163725.0,1293045.0,,True,foundation_perm,False,"valley_depth,relief,settlement",False,-1,False,24757.54989532548,178.0,152.0,218.0,66.0,178,77.91587952381542,11.680382820467067
179,784,631,3.19274377822876,2.142857074737549,4.426303863525391,5.0,3.979591846466065,5.0,5.0,5.0,4.285714149475098,2.0,2.527897357940674,4.0,4.5192742347717285,4.0,3.537386655807495,0.5957284569740295,3.537386655807495,Very High,218.78659057617188,153435.0,1302255.0,,True,foundation_perm,False,valley_depth,False,-1,False,14585.425000531535,179.0,134.0,240.0,106.0,179,77.82065332785186,11.762516029188113
180,1530,4213,1.0,1.9183673858642576,3.22902512550354,5.0,4.0,5.0,2.287981986999512,5.0,4.081632614135742,2.0,1.03103506565094,4.557823181152344,3.22902512550354,5.0,3.537007570266724,0.5921560525894165,3.537007570266724,Very High,13.6240873336792,260895.0,1279875.0,,True,foundation_perm,False,"valley_depth,relief,settlement",False,-1,False,34239.34008452387,180.0,145.0,234.0,89.0,180,78.80745017270173,11.569559851184428
181,1913,3922,1.0,3.061224460601806,2.902494430541992,5.0,4.0,5.0,5.0,5.0,4.265305995941162,1.9092971086502075,1.063535213470459,5.0,3.095238208770752,5.0,3.5362837314605717,0.5897770524024963,3.5362837314605717,Very High,18.07860946655273,252165.0,1268385.0,streamflow,False,foundation_perm,False,"valley_depth,relief",False,-1,False,38223.351773815535,181.0,149.0,226.0,77.0,181,78.7282748431028,11.465113212159439
182,1146,1307,1.4988662004470823,1.795918345451355,4.015872955322266,5.0,4.0,4.0,2.401360511779785,5.0,4.387754917144775,2.0,1.07745623588562,3.0,4.292516708374023,5.0,3.535986423492432,0.5949877500534058,3.535986423492432,Very High,19.98664665222168,173715.0,1291395.0,,True,foundation_perm,False,"valley_depth,relief,settlement",False,-1,False,30752.093643769964,182.0,156.0,212.0,56.0,182,78.00757338317335,11.666450896018704
183,1949,3569,5.0,1.9795918464660645,3.362812042236328,5.0,3.7142856121063232,5.0,2.9818592071533203,5.0,3.6530611515045166,1.0,2.8417000770568848,5.0,3.362812042236328,4.0,3.5352039337158203,0.575151264667511,3.5352039337158203,Very High,261.79693603515625,241575.0,1267305.0,,True,foundation_perm,False,"valley_depth,settlement",False,-1,False,35967.491588364086,183.0,122.0,276.0,154.0,183,78.63134188663946,11.454583702054489
184,1076,1186,1.0,1.59183669090271,4.172335624694824,5.0,4.0,4.0,3.0,5.0,4.204081535339356,2.0,1.101116180419922,5.0,4.310657501220703,5.0,3.5338399410247803,0.5922711491584778,3.5338399410247803,Very High,23.229530334472656,170085.0,1293495.0,,True,foundation_perm,False,"valley_depth,relief,settlement",False,-1,False,27009.02190657486,184.0,129.0,274.0,145.0,184,77.97410830677401,11.685067332173913
185,456,1571,1.0634920597076416,2.061224460601806,3.086167573928833,5.0,4.0,4.0,2.859410524368286,5.0,4.204081535339356,2.0,1.804514050483704,3.1972789764404297,3.646258592605591,4.0,3.533405065536499,0.5970728993415833,3.533405065536499,Very High,119.6384506225586,181635.0,1312095.0,,True,foundation_perm,False,"valley_depth,relief",False,-1,False,25936.872187769302,185.0,176.0,203.0,27.0,185,78.07816940909076,11.854154436955984
186,1328,3835,1.0,4.0,3.0226755142211914,5.0,4.0,5.0,1.5714285373687744,5.0,4.346938610076904,2.857142925262451,1.5634342432022097,4.0,3.2063488960266118,5.0,3.531758546829224,0.6230777502059937,3.531758546829224,Very High,86.59561157226562,249555.0,1285935.0,,True,foundation_perm,False,"valley_depth,relief,roads",False,-1,False,21966.139933092483,186.0,157.0,232.0,75.0,186,78.703073587526,11.623514518883441
187,1939,3277,3.82539701461792,2.0,2.59637188911438,5.0,4.0,5.0,2.174603223800659,5.0,4.448979377746582,2.0,2.348394632339477,3.0,2.612244844436645,3.0,3.5297248363494877,0.5969923734664917,3.5297248363494877,Very High,194.1836700439453,232815.0,1267605.0,"streamflow,dependable_yield",False,foundation_perm,False,valley_depth,False,-1,False,35230.725461929665,187.0,156.0,245.0,89.0,187,78.55107689271806,11.456633104840945
188,1950,3989,1.0,2.0,3.2607710361480717,5.0,4.0,5.0,2.768707513809204,5.0,4.244897842407227,2.0,1.0548219680786133,2.0,3.2607710361480717,5.0,3.5292181968688965,0.5879697799682617,3.5292181968688965,Very High,16.884353637695312,254175.0,1267275.0,catchment_area,False,foundation_perm,False,"valley_depth,relief",False,-1,False,40123.84562086195,188.0,159.0,243.0,84.0,188,78.74676859324275,11.455225130345832
189,1446,4166,1.0,1.530612230300903,3.14739203453064,5.0,4.0,5.0,1.140589475631714,5.0,4.306122303009033,2.0,1.0001506805419922,4.251700401306152,3.14739203453064,5.0,3.5291523933410645,0.5933203101158142,3.5291523933410645,Very High,7.103804588317871,259485.0,1282395.0,,True,foundation_perm,False,"valley_depth,relief,settlement,roads",False,-1,False,31520.806809277623,189.0,157.0,254.0,97.0,189,78.79434881250742,11.592234738145974
190,1611,3640,1.0,2.693877458572388,2.902494430541992,5.0,4.0,5.0,1.5941044092178345,5.0,4.387754917144775,2.0,1.8325268030166624,2.0,2.820861577987671,5.0,3.5287110805511475,0.5980752110481262,3.5287110805511475,Very High,123.47795867919922,243705.0,1277445.0,"catchment_area,streamflow,dependable_yield",False,foundation_perm,False,"valley_depth,relief,roads",False,-1,False,26620.658577539994,190.0,164.0,238.0,74.0,190,78.65009345526107,11.546366729852
191,430,1512,5.0,1.836734652519226,2.952381134033203,5.0,4.0,4.0,3.0,5.0,3.918367385864258,1.836734652519226,2.2363944053649902,3.6893422603607178,3.555555582046509,4.0,3.5272581577301025,0.5986673831939697,3.5272581577301025,Very High,178.8326873779297,179865.0,1312875.0,streamflow,False,foundation_perm,False,"valley_depth,settlement",False,-1,False,24062.77730311809,191.0,185.0,217.0,32.0,191,78.06186449440261,11.861030945560463
192,1594,3671,1.0,2.0,2.900226593017578,5.0,4.0,5.0,3.0,5.0,4.448979377746582,2.0,1.8554829359054563,2.0,2.8934242725372314,5.0,3.5272305011749268,0.5972649455070496,3.5272305011749268,Very High,126.62434387207033,244635.0,1277955.0,"catchment_area,streamflow,dependable_yield",False,foundation_perm,False,"valley_depth,relief",False,-1,False,26446.426583926223,192.0,174.0,230.0,56.0,192,78.65857716793302,11.551044029906828
193,951,2014,4.673469066619873,2.857142925262451,2.907029867172241,5.0,4.0,4.0,2.315192699432373,3.231292724609375,4.326530456542969,1.952380895614624,4.468332290649414,2.0,2.6530611515045166,3.0,3.526955366134644,0.5988292098045349,3.526955366134644,Very High,484.7460632324219,194925.0,1297245.0,"catchment_area,streamflow,dependable_yield",False,foundation_perm,False,valley_width,False,-1,False,26087.04446689086,193.0,135.0,296.0,161.0,193,78.20139587822402,11.721251714811453
194,607,1057,2.0,1.5102040767669678,3.900226593017578,5.0,4.0,4.0,3.0,5.0,4.489795684814453,2.0,1.1061124801635742,5.0,4.258502960205078,5.0,3.526509523391724,0.5961440801620483,3.526509523391724,Very High,23.91433334350586,166215.0,1307565.0,,True,foundation_perm,False,"valley_depth,relief,settlement",False,-1,False,13566.397602844285,194.0,145.0,281.0,136.0,194,77.93724438032352,11.811750889556684
195,1561,3407,3.904761791229248,3.1224489212036133,3.0634918212890625,5.0,4.0,5.0,2.551020383834839,5.0,4.612245082855225,2.0,2.2258849143981934,5.0,3.0748298168182373,4.0,3.5258984565734863,0.598606526851654,3.5258984565734863,Very High,177.39227294921875,236715.0,1278945.0,,True,foundation_perm,False,valley_depth,False,-1,False,23830.872994060235,195.0,185.0,225.0,40.0,195,78.58592694967193,11.559394255332256
196,1562,4049,1.0,1.6938775777816772,3.272108793258667,5.0,4.0,5.0,2.541950225830078,5.0,4.163265228271484,2.0,1.0171875953674316,2.8435375690460205,3.2585034370422363,5.0,3.525721311569214,0.5927165746688843,3.525721311569214,Very High,11.603174209594728,255975.0,1278915.0,catchment_area,False,foundation_perm,False,"valley_depth,relief,settlement",False,-1,False,31473.51443101983,196.0,170.0,245.0,75.0,196,78.76242733800449,11.560539686364313
197,1962,4086,1.0,4.0,3.1655330657958984,5.0,4.0,5.0,1.0997731685638428,5.0,4.0,2.809523820877075,1.0003381967544556,3.0,3.1587300300598145,5.0,3.525702953338623,0.6213379502296448,3.525702953338623,Very High,8.711766242980957,257085.0,1266915.0,,True,foundation_perm,False,"valley_depth,relief,roads",False,-1,False,41872.08964783182,197.0,167.0,245.0,78.0,197,78.77345298598696,11.45217614045634
198,1320,3297,1.0,1.6530612707138062,2.460317373275757,5.0,4.0,5.0,2.7052152156829834,5.0,4.469387531280518,2.0,1.038424730300903,4.0,2.4376416206359863,3.0,3.525148868560791,0.5853031277656555,3.525148868560791,Very High,14.636935234069824,233415.0,1286175.0,"streamflow,dependable_yield",False,foundation_perm,False,"valley_depth,relief,settlement",False,-1,False,16684.69387238199,198.0,182.0,231.0,49.0,198,78.55511978438983,11.624466469249969
199,1736,3785,1.0,3.0,2.882086038589477,5.0,4.0,5.0,3.0,5.0,4.469387531280518,2.0,1.0322208404541016,4.0,2.5714282989501958,5.0,3.524714708328247,0.5952798128128052,3.524714708328247,Very High,13.786596298217772,248055.0,1273695.0,"streamflow,dependable_yield",False,foundation_perm,False,"valley_depth,relief",False,-1,False,31678.543046781637,199.0,177.0,229.0,52.0,199,78.69023178432285,11.512800774516414
200,1562,3800,1.0,2.510204076766968,2.7913830280303955,5.0,4.0,5.0,2.7188210487365723,5.0,4.285714149475098,2.0,1.0228383541107178,4.0,2.7868478298187256,5.0,3.524645566940308,0.5967254042625427,3.524645566940308,Very High,12.500629425048828,248505.0,1278915.0,"streamflow,dependable_yield",False,foundation_perm,False,"valley_depth,relief",False,-1,False,27186.97329368741,200.0,179.0,223.0,44.0,200,78.69396974536434,11.560003030390337
201,2021,3308,5.0,3.0,3.238095283508301,5.0,4.0,5.0,2.9727888107299805,4.337868690490723,4.510204315185547,2.0,3.432532787322998,5.0,3.235827684402466,3.0,3.5245048999786377,0.5942599177360535,3.5245048999786377,Very High,342.7774963378906,233745.0,1265145.0,,True,foundation_perm,False,,True,-1,False,37631.897202176726,201.0,154.0,267.0,113.0,201,78.55978609895547,11.43447707267027
202,1965,3956,1.0,4.0,2.9521265029907227,5.0,4.0,5.0,2.458689451217652,4.97150993347168,4.282051086425781,1.9886040687561035,1.541567087173462,2.0,3.208485841751098,5.0,3.524264097213745,0.5904912352561951,3.524264097213745,Very High,83.59849548339844,253185.0,1266825.0,"catchment_area,streamflow",False,foundation_perm,False,"valley_depth,relief",False,-1,False,40073.28385325729,202.0,179.0,226.0,47.0,202,78.73773151457951,11.451088592136282
203,1086,1279,1.0,1.8979592323303225,3.2063488960266118,5.0,4.0,4.0,1.6258503198623655,5.0,4.0,2.0,1.3364847898483276,2.414965867996216,3.4852609634399414,5.0,3.523872137069702,0.5906473994255066,3.523872137069702,Very High,55.489540100097656,172875.0,1293195.0,catchment_area,False,foundation_perm,False,"valley_depth,relief,settlement,roads",False,-1,False,28797.650124478147,203.0,174.0,237.0,63.0,203,77.99970201592996,11.682626618496913
204,107,1626,4.190821170806885,1.52173912525177,2.502415418624878,5.0,4.0,4.0,3.0,5.0,4.543478488922119,2.0,3.451191663742065,1.0,2.7536232471466064,3.0,3.523365259170532,0.591049313545227,3.523365259170532,Very High,345.3349304199219,183285.0,1322565.0,"catchment_area,streamflow,dependable_yield",False,foundation_perm,False,settlement,False,-1,False,27840.577176196537,204.0,137.0,306.0,169.0,204,78.09229315708822,11.948872588752097
205,1873,4059,1.0,3.0,3.541950225830078,5.0,4.0,5.0,2.2154195308685303,5.0,4.346938610076904,2.0,1.0237795114517212,2.7959184646606445,3.5328798294067383,5.0,3.52290940284729,0.5925436019897461,3.52290940284729,Very High,12.624337196350098,256275.0,1269585.0,catchment_area,False,foundation_perm,False,"valley_depth,relief",False,-1,False,39174.43497800855,205.0,178.0,231.0,53.0,205,78.7658428259943,11.476247817431506
206,1885,4171,1.0,1.585365891456604,3.784553050994873,5.0,4.0,5.0,1.1571815013885498,4.959349632263184,4.170731544494629,1.983739733695984,1.0391602516174316,4.371273994445801,3.784553050994873,5.0,3.5221896171569824,0.5909824967384338,3.5221896171569824,Very High,14.737730026245115,259635.0,1269225.0,,True,foundation_perm,False,"valley_depth,relief,settlement,roads",False,-1,False,41353.8956574362,206.0,158.0,279.0,121.0,206,78.79665223852287,11.47322856896812
207,593,614,4.850340366363525,3.0,3.3922903537750244,5.0,3.857142925262451,5.0,5.0,5.0,3.5714285373687744,1.2585034370422363,2.104496955871582,2.0,3.5260772705078125,3.0,3.5212740898132324,0.5572165846824646,3.5212740898132324,Very High,160.7545928955078,152925.0,1307985.0,catchment_area,False,foundation_perm,False,valley_depth,False,-1,False,9175.226878048512,207.0,169.0,262.0,93.0,207,77.81538280608322,11.814202721864122
208,1890,3398,3.5600907802581787,2.8775510787963867,2.4648525714874268,5.0,4.0,5.0,3.0,5.0,4.306122303009033,1.589569091796875,2.621072292327881,3.0,2.589569091796875,4.0,3.521120548248291,0.5955549478530884,3.521120548248291,Very High,231.55731201171875,236445.0,1269075.0,"streamflow,dependable_yield",False,foundation_perm,False,valley_depth,False,-1,False,33681.004177488845,208.0,187.0,247.0,60.0,208,78.58421452695904,11.470192226750228
209,1409,4085,1.6258504390716553,2.5306122303009038,3.5147390365600586,5.0,4.0,5.0,3.0,5.0,4.530612468719482,2.0,1.0086396932601929,2.0,3.5147390365600586,5.0,3.5204901695251465,0.5902493000030518,3.5204901695251465,Very High,9.382716178894045,257055.0,1283505.0,catchment_area,False,foundation_perm,False,"valley_depth,relief",False,-1,False,28957.284246581698,209.0,182.0,249.0,67.0,209,78.77199653711887,11.602094733425766
210,1919,3833,3.8503401279449454,4.0,2.96371865272522,5.0,4.0,5.0,5.0,5.0,4.469387531280518,1.0,2.0260939598083496,4.0,2.96371865272522,5.0,3.520291566848755,0.5708223581314087,3.520291566848755,Very High,150.00857543945312,249495.0,1268205.0,"streamflow,dependable_yield",False,foundation_perm,False,valley_depth,False,-1,False,37297.16253723611,210.0,155.0,282.0,127.0,210,78.70382764442675,11.463295380758911
211,1329,3384,1.0,3.0,2.539682388305664,5.0,4.0,5.0,2.1655330657958984,5.0,4.265305995941162,2.0,1.0512115955352783,5.0,2.523809671401977,3.0,3.5192158222198486,0.5862945914268494,3.5192158222198486,Very High,16.38951873779297,236025.0,1285905.0,"streamflow,dependable_yield",False,foundation_perm,False,"valley_depth,relief",False,-1,False,16846.331425302855,211.0,186.0,250.0,64.0,211,78.5790624741861,11.622228780525967
212,1734,3653,1.0,2.7959184646606445,2.589569330215454,5.0,4.0,5.0,2.963718891143799,5.0,4.040816307067871,2.0,1.0723294019699097,4.0,2.5306122303009038,5.0,3.5191421508789062,0.5926700830459595,3.5191421508789062,Very High,19.283950805664062,244095.0,1273755.0,"streamflow,dependable_yield",False,foundation_perm,False,"valley_depth,relief",False,-1,False,30258.485924375364,212.0,183.0,251.0,68.0,212,78.65394406761123,11.513052607227202
213,1974,3372,5.0,3.0204081535339355,3.39909291267395,5.0,3.59183669090271,5.0,4.750566959381104,5.0,3.693877458572388,2.0,1.968685746192932,5.0,3.4852609634399414,3.6689341068267822,3.5185043811798096,0.594849169254303,3.5185043811798096,Very High,142.14007568359375,235665.0,1266555.0,,True,foundation_perm,False,valley_depth,False,-1,False,36185.9799197284,213.0,167.0,274.0,107.0,213,78.57726341246882,11.447363315473957
214,1395,3444,1.0,1.59183669090271,2.6507937908172607,5.0,4.0,5.0,3.503401517868042,5.0,4.204081535339356,2.0,1.06357741355896,5.0,2.7052156925201416,4.0,3.5184876918792725,0.5840927958488464,3.5184876918792725,Very High,18.084402084350582,237825.0,1283925.0,"streamflow,dependable_yield",False,foundation_perm,False,"valley_depth,relief,settlement",False,-1,False,18969.52002598913,214.0,169.0,282.0,113.0,214,78.59571364302322,11.604476306334979
215,1649,3717,1.0,3.0,2.768707513809204,5.0,4.0,5.0,3.0,5.0,4.489795684814453,2.0,1.0377483367919922,5.0,2.764172315597534,5.0,3.5183846950531006,0.5902040004730225,3.5183846950531006,Very High,14.544218063354492,246015.0,1276305.0,"streamflow,dependable_yield",False,foundation_perm,False,"valley_depth,relief",False,-1,False,28483.22403969081,215.0,168.0,283.0,115.0,215,78.67134601955794,11.536236187107443
216,753,1058,4.628117561340332,1.7142857313156128,3.7619049549102783,4.714285850524902,4.0,4.0,3.0,4.210884094238281,4.489795684814453,1.0,2.658886671066284,5.0,4.031745910644531,5.0,3.518270969390869,0.5685603618621826,3.518270969390869,Very High,236.740234375,166245.0,1303185.0,,True,foundation_perm,False,"valley_depth,settlement",False,-1,False,16821.26928575486,216.0,171.0,276.0,105.0,216,77.9379583050449,11.772200150975824
217,1719,3602,3.5170066356658936,1.959183692932129,2.7823128700256348,5.0,4.0,5.0,2.4331064224243164,5.0,4.469387531280518,2.0,1.8077234029769895,3.0,2.7800452709198,5.0,3.5177133083343506,0.5926412343978882,3.5177133083343506,Very High,120.07835388183594,242565.0,1274205.0,"streamflow,dependable_yield",False,foundation_perm,False,"valley_depth,settlement",False,-1,False,29418.609292882957,217.0,183.0,252.0,69.0,217,78.63989186394906,11.517005407582964
218,1729,4069,1.0,2.836734771728516,3.136054515838623,5.0,4.0,5.0,3.0,5.0,4.122448921203613,2.0,1.0453256368637085,2.0,3.131519317626953,5.0,3.517543315887451,0.5925425291061401,3.517543315887451,Very High,15.582764625549316,256575.0,1273905.0,catchment_area,False,foundation_perm,False,"valley_depth,relief",False,-1,False,35769.3767372241,218.0,188.0,249.0,61.0,218,78.76828398322029,11.515307842665042
219,1253,1537,2.0,1.7755101919174194,2.907029390335083,5.0,4.0,4.0,3.0,5.0,4.244897842407227,2.0,3.324804782867432,5.0,3.242630243301392,4.0,3.517409086227417,0.5966505408287048,3.517409086227417,Very High,328.0120849609375,180615.0,1288185.0,streamflow,False,foundation_perm,False,"relief,settlement",False,-1,False,37531.31482438346,219.0,196.0,252.0,56.0,219,78.07110030232394,11.638110872797677
220,2080,4148,1.0,3.8775510787963863,3.4263033866882324,5.0,4.0,5.0,2.8866212368011475,5.0,4.285714149475098,2.0,1.001538634300232,4.292516708374023,3.4263033866882324,5.0,3.517369270324707,0.5925687551498413,3.517369270324707,Very High,8.22449016571045,258945.0,1263375.0,,True,foundation_perm,False,"valley_depth,relief",False,-1,False,45864.34586053667,220.0,171.0,287.0,116.0,220,78.79074085529348,11.42031450221155
221,1408,3687,1.0,1.5714285373687744,2.8390023708343506,5.0,4.0,5.0,1.3492062091827393,5.0,4.326530456542969,2.0,1.066450595855713,1.0,2.8344669342041016,5.0,3.5172231197357178,0.5831601619720459,3.5172231197357178,Very High,18.478206634521484,245115.0,1283535.0,"catchment_area,streamflow,dependable_yield",False,foundation_perm,False,"valley_depth,relief,settlement,roads",False,-1,False,21518.259525679256,221.0,202.0,241.0,39.0,221,78.66255685177798,11.601500865287946
222,1422,3546,2.0,1.959183692932129,2.585033893585205,5.0,4.0,5.0,2.9274375438690186,5.0,4.346938610076904,2.0,1.0295110940933228,1.0,2.582766532897949,4.0,3.515925645828247,0.5839882493019104,3.515925645828247,Very High,13.249433517456056,240885.0,1283115.0,"catchment_area,streamflow,dependable_yield",False,foundation_perm,False,"valley_depth,relief,settlement",False,-1,False,20374.662491933228,222.0,177.0,268.0,91.0,222,78.62382050544306,11.597389461581233
223,360,1554,4.0,2.632652997970581,2.8390021324157715,5.0,4.0,4.0,3.0,5.0,4.244897842407227,1.6666666269302368,1.8749738931655884,4.346938610076904,3.4331066608428955,4.0,3.515270233154297,0.5991852283477783,3.515270233154297,Very High,129.29579162597656,181125.0,1314975.0,streamflow,False,foundation_perm,False,valley_depth,False,-1,False,25085.72328020647,223.0,177.0,277.0,100.0,223,78.07321544479525,11.880117123043814
224,885,965,1.911564588546753,1.7346938848495483,3.6190478801727295,5.0,4.0,5.0,2.505668878555298,5.0,4.346938610076904,1.2539682388305664,1.3190637826919556,5.0,4.022675514221191,5.0,3.513876438140869,0.5672930479049683,3.513876438140869,Very High,53.10178756713867,163455.0,1299225.0,,True,foundation_perm,False,"valley_depth,relief,settlement",False,-1,False,18867.539083108026,224.0,164.0,319.0,155.0,224,77.91278602071739,11.736163894977194
225,1167,1231,1.0068027973175049,1.6122448444366455,3.092970609664917,5.0,4.0,4.0,2.9319725036621094,5.0,4.428571224212647,2.0,1.0632134675979614,3.0,3.5714282989501958,5.0,3.513745069503784,0.5851437449455261,3.513745069503784,Very High,18.03451919555664,171435.0,1290765.0,,True,foundation_perm,False,"valley_depth,relief,settlement",False,-1,False,30044.60440898289,225.0,186.0,282.0,96.0,225,77.98674458092596,11.660542928823956
226,1723,3686,1.0,1.6530612707138062,2.548753023147583,5.0,4.0,5.0,3.0,5.0,4.102040767669678,2.0,1.05007004737854,4.0,2.546485185623169,5.0,3.513413429260254,0.5901932120323181,3.513413429260254,Very High,16.233055114746094,245085.0,1274085.0,"streamflow,dependable_yield",False,foundation_perm,False,"valley_depth,relief,settlement",False,-1,False,30244.544920075467,226.0,205.0,256.0,51.0,226,78.66299016628503,11.516107538231358
227,1363,1358,4.18820858001709,1.9387755393981931,2.8344669342041016,5.0,3.857142925262451,4.0,4.27437686920166,4.918367385864258,4.714285850524902,2.0,3.0680131912231445,5.0,3.199546337127685,4.0,3.5128743648529053,0.5963830351829529,3.5128743648529053,Very High,292.8158264160156,175245.0,1284885.0,streamflow,False,foundation_perm,False,settlement,False,-1,False,37046.75401638569,227.0,198.0,264.0,66.0,227,78.02221796009292,11.607802676643297
228,1186,1099,1.0,1.0612244606018066,2.841269969940185,5.0,4.0,4.0,1.426303744316101,5.0,4.102040767669678,2.0,1.0812907218933103,2.0,3.42630386352539,4.61904764175415,3.512847900390625,0.5876457095146179,3.512847900390625,Very High,20.51222038269043,167475.0,1290195.0,"catchment_area,streamflow",False,foundation_perm,False,"valley_depth,relief,settlement,roads",False,-1,False,28750.893792539864,228.0,197.0,255.0,58.0,228,77.95051950244272,11.655012642868353
229,1586,3612,4.0,1.9183673858642576,2.4716551303863525,5.0,3.857142925262451,5.0,2.233560085296631,5.0,4.040816307067871,2.0,1.7584770917892456,2.0,2.4716551303863525,5.0,3.5125274658203125,0.5909646153450012,3.5125274658203125,Very High,113.32854461669922,242865.0,1278195.0,"catchment_area,streamflow,dependable_yield",False,foundation_perm,False,"valley_depth,settlement",False,-1,False,25652.44977679568,229.0,200.0,254.0,54.0,229,78.64233958670577,11.55308125841849
230,1465,4231,1.0,1.9795918464660645,3.2199547290802,5.0,4.0,5.0,4.26077127456665,5.0,4.265305995941162,2.0,1.0012205839157104,4.7959184646606445,3.2199547290802,5.0,3.5123722553253174,0.5906738638877869,3.5123722553253174,Very High,8.686066627502441,261435.0,1281825.0,,True,foundation_perm,False,"valley_depth,relief,settlement",False,-1,False,33388.280314632764,230.0,174.0,308.0,134.0,230,78.81226232056187,11.587219472895072
231,1718,4250,1.0,2.5714285373687744,3.1972789764404297,5.0,4.0,5.0,2.1020407676696777,5.0,4.448979377746582,2.0,1.0179632902145386,2.773242473602295,3.1972789764404297,5.0,3.511659622192383,0.5910006165504456,3.511659622192383,Very High,11.83144187927246,262005.0,1274235.0,catchment_area,False,foundation_perm,False,"valley_depth,relief",False,-1,False,38985.51547662565,231.0,178.0,298.0,120.0,231,78.81801765926693,11.51866758671786
232,611,1449,1.043083906173706,1.8979592323303225,2.8888885974884038,5.0,4.0,4.0,2.9274375438690186,5.0,4.265305995941162,2.0,1.1486108303070068,4.0,3.489795684814453,5.0,3.511358499526977,0.5902585983276367,3.511358499526977,Very High,29.73923110961914,177975.0,1307445.0,streamflow,False,foundation_perm,False,"valley_depth,relief,settlement",False,-1,False,23719.73748470042,232.0,205.0,265.0,60.0,232,78.04506170321154,11.811809889610267
233,2163,3619,4.537415027618408,3.0,2.918367385864258,5.0,4.0,5.0,4.374149322509766,4.129251956939697,4.448979377746582,1.0,3.731377840042114,4.0,2.9682538509368896,4.0,3.511291980743408,0.5720034241676331,3.511291980743408,Very High,383.73773193359375,243075.0,1260885.0,"streamflow,dependable_yield",False,foundation_perm,False,,True,-1,False,42551.26696967857,233.0,173.0,295.0,122.0,233,78.64556139285048,11.39668318336915
234,1199,4150,1.0,2.734693765640259,3.369614601135254,5.0,4.0,5.0,2.424036264419556,5.0,4.204081535339356,2.0,2.049755811691284,4.238095283508301,3.369614601135254,5.0,3.5095510482788086,0.5955381989479065,3.5095510482788086,Very High,153.251708984375,259005.0,1289805.0,,True,foundation_perm,False,"valley_depth,relief",False,-1,False,26908.60568795627,234.0,213.0,264.0,51.0,234,78.7894209129812,11.659164223756488
235,221,1393,4.5646257400512695,2.5714285373687744,3.736961603164673,5.0,4.0,4.0,1.2857142686843872,5.0,4.714285850524902,2.0,1.8279074430465696,3.0,4.117913722991943,4.0,3.5092074871063232,0.5873262882232666,3.5092074871063232,Very High,122.84479522705078,176295.0,1319145.0,,True,foundation_perm,False,"valley_depth,roads",False,-1,False,20363.38089775312,235.0,166.0,334.0,168.0,235,78.02851554704209,11.917314703677585
236,388,728,3.136054277420044,3.0,3.1292521953582764,5.0,4.0,5.0,5.0,5.0,4.0,1.0,1.901999592781067,4.0,3.3401360511779785,3.0,3.5085866451263428,0.5616519451141357,3.5085866451263428,Very High,133.0,156345.0,1314135.0,,True,foundation_perm,False,valley_depth,False,-1,False,2474.418104363589,236.0,186.0,293.0,107.0,236,77.84609249693115,11.870085488011098
237,623,879,1.9886621236801147,1.7346938848495483,3.5668928623199463,5.0,4.0,5.0,1.852607607841492,5.0,4.326530456542969,1.78911554813385,1.1375980377197266,2.4285714626312256,3.950113296508789,4.0,3.5078494548797607,0.5919253826141357,3.5078494548797607,Very High,28.229782104492188,160875.0,1307085.0,catchment_area,False,foundation_perm,False,"valley_depth,relief,settlement,roads",False,-1,False,10646.445803761128,237.0,192.0,291.0,99.0,237,77.8883444737035,11.806884067398986
238,1170,3128,1.0,1.7142857313156128,2.321995496749878,5.0,4.0,5.0,4.959183692932129,5.0,4.653061389923096,2.0,2.912571430206299,4.0,2.0634920597076416,1.0,3.50761079788208,0.584469735622406,3.50761079788208,Very High,271.5107116699219,228345.0,1290675.0,"streamflow,dependable_yield,runoff",False,foundation_perm,False,"valley_depth,relief,settlement",False,-1,False,13981.075300830364,238.0,190.0,289.0,99.0,238,78.50829040942554,11.664726165555823
239,1537,3825,1.0,2.0,2.861678123474121,5.0,4.0,5.0,1.1496598720550537,5.0,4.244897842407227,2.0,1.024114012718201,5.0,2.861678123474121,5.0,3.5074267387390137,0.5963189005851746,3.5074267387390137,Very High,12.675485610961914,249255.0,1279665.0,"streamflow,dependable_yield",False,foundation_perm,False,"valley_depth,relief,roads",False,-1,False,26910.266547339503,239.0,217.0,267.0,50.0,239,78.70078752650068,11.566834893678374
240,320,1619,5.0,2.81632661819458,3.900226831436157,5.0,4.0,4.0,2.741496562957764,3.41269850730896,4.081632614135742,1.7301585674285889,2.2788097858428955,4.0,4.081632614135742,4.0,3.507362365722656,0.5945180654525757,3.507362365722656,Very High,184.646240234375,183075.0,1316175.0,,True,foundation_perm,False,"valley_width,valley_depth",False,-1,False,26986.558570911337,240.0,198.0,295.0,97.0,240,78.09098211342278,11.891140008311423
241,1338,4012,1.0,3.0,3.092970132827759,5.0,4.0,5.0,3.0,5.0,4.18367338180542,2.0,1.0595037937164309,4.0,3.092970132827759,5.0,3.507086753845215,0.5879775881767273,3.507086753845215,Very High,17.526077270507812,254865.0,1285635.0,,True,foundation_perm,False,"valley_depth,relief",False,-1,False,25905.7471965352,241.0,199.0,293.0,94.0,241,78.7517689206243,11.621187206510857
242,1501,4165,1.0,1.469387769699097,3.199546337127685,5.0,4.0,5.0,2.6099772453308105,5.0,4.224489688873291,2.0,1.045325517654419,5.0,3.199546337127685,5.0,3.5068283081054688,0.5883083343505859,3.5068283081054688,Very High,15.58276653289795,259455.0,1280745.0,,True,foundation_perm,False,"valley_depth,relief,settlement",False,-1,False,32588.01731723098,242.0,222.0,270.0,48.0,242,78.79419082093182,11.577321743138594
243,1892,3721,4.857142925262451,5.0,3.0702948570251465,5.0,4.0,5.0,5.0,3.4852609634399414,4.63265323638916,1.0,3.356626510620117,4.131519317626953,3.0702948570251465,5.0,3.506822109222412,0.5660226345062256,3.506822109222412,Very High,332.3736267089844,246135.0,1269015.0,,True,foundation_perm,False,valley_width,False,-1,False,35389.56533026114,243.0,184.0,297.0,113.0,243,78.67298694595696,11.470371142200156
244,1780,4010,1.0,2.5306122303009038,3.2131521701812744,5.0,4.0,5.0,1.8798186779022217,5.0,4.306122303009033,2.0,1.034360408782959,2.0,3.1269843578338623,5.0,3.50652813911438,0.590445876121521,3.50652813911438,Very High,14.079869270324709,254805.0,1272375.0,catchment_area,False,foundation_perm,False,"valley_depth,relief,roads",False,-1,False,36030.97117103128,244.0,189.0,282.0,93.0,244,78.75217512299929,11.501356809644033
245,1230,3403,2.0,1.4489796161651611,2.4739229679107666,5.0,4.0,5.0,2.1111111640930176,5.0,4.224489688873291,2.0,4.013992786407471,2.0,2.444444417953491,3.0,3.5060551166534424,0.5878522992134094,3.5060551166534424,Very High,422.4734191894531,236595.0,1288875.0,"catchment_area,streamflow,dependable_yield",False,foundation_perm,False,"relief,settlement",False,-1,False,13915.682559099076,245.0,169.0,319.0,150.0,245,78.584055106496,11.649108126416515
246,1367,3855,1.0,3.0,3.061224460601806,5.0,4.0,5.0,2.7959184646606445,5.0,4.530612468719482,2.630385398864746,1.0233125686645508,3.0,3.235827684402466,5.0,3.505753993988037,0.6142399311065674,3.505753993988037,Very High,12.532628059387209,250155.0,1284765.0,,True,foundation_perm,False,"valley_depth,relief",False,-1,False,23249.49284281581,246.0,190.0,312.0,122.0,246,78.70865976222848,11.612985749511198
247,1179,923,1.0,2.0204081535339355,3.3015871047973637,5.0,4.0,5.0,2.2925169467926025,5.0,4.163265228271484,2.0,1.1562542915344238,4.0,3.585034132003784,4.0,3.503637790679932,0.591620922088623,3.503637790679932,Very High,30.786848068237305,162195.0,1290405.0,,True,foundation_perm,False,"valley_depth,relief",False,-1,False,26893.130859267672,247.0,204.0,301.0,97.0,247,77.90212629186969,11.65639177412497
248,1721,4004,1.0,2.5714285373687744,3.2993197441101074,5.0,4.0,5.0,2.5736961364746094,5.0,4.265305995941162,2.0,1.0423604249954224,3.0,3.2018144130706787,5.0,3.503455638885498,0.5911147594451904,3.503455638885498,Very High,15.17636775970459,254625.0,1274145.0,,True,foundation_perm,False,"valley_depth,relief",False,-1,False,34451.72509772557,248.0,227.0,273.0,46.0,248,78.75039874261805,11.517339005396888
249,1789,3951,1.0,3.5306122303009038,3.4263041019439697,5.0,4.0,5.0,2.365079402923584,5.0,4.387754917144775,2.0,1.2587103843688965,2.0,3.3333332538604736,5.0,3.502662181854248,0.5896408557891846,3.502662181854248,Very High,44.82968521118164,253035.0,1272105.0,catchment_area,False,foundation_perm,False,"valley_depth,relief",False,-1,False,35343.64245611795,249.0,205.0,286.0,81.0,249,78.73597695169647,11.498791291072475
250,1521,3884,1.0,3.0,2.961451292037964,5.0,4.0,5.0,4.900226593017578,5.0,4.244897842407227,2.0,1.014702320098877,5.0,3.140589475631714,5.0,3.502650737762451,0.5881277322769165,3.502650737762451,Very High,11.272361755371094,251025.0,1280145.0,streamflow,False,foundation_perm,False,"valley_depth,relief",False,-1,False,27466.114304247265,250.0,192.0,315.0,123.0,250,78.71697339331295,11.57130069507692
251,2009,4162,1.0,2.918367385864258,3.4807257652282715,5.0,4.0,5.0,2.269841432571411,5.0,4.204081535339356,2.0,1.0233585834503174,4.0,3.4807257652282715,5.0,3.5018980503082275,0.5906550288200378,3.5018980503082275,Very High,12.571932792663574,259365.0,1265505.0,,True,foundation_perm,False,"valley_depth,relief",False,-1,False,44275.5720419947,251.0,193.0,316.0,123.0,251,78.79443923357866,11.439592291009848
252,1424,3857,1.0,1.59183669090271,2.852607488632202,5.0,4.0,5.0,2.061224460601806,5.0,4.387754917144775,2.0,1.0372354984283447,1.0,3.052154302597046,5.0,3.501864194869995,0.5862534046173096,3.501864194869995,Very High,14.473921775817873,250215.0,1283055.0,"catchment_area,streamflow",False,foundation_perm,False,"valley_depth,relief,settlement",False,-1,False,24631.501428384592,252.0,214.0,281.0,67.0,252,78.70933584454085,11.597537930940668
253,1180,4009,1.4535146951675415,5.0,3.287981986999512,5.0,4.0,5.0,2.1020407676696777,5.0,4.326530456542969,2.0,1.1621659994125366,5.0,3.2993197441101074,5.0,3.5018463134765625,0.5910998582839966,3.5018463134765625,Very High,31.59712600708008,254775.0,1290375.0,,True,foundation_perm,False,"valley_depth,relief",False,-1,False,22976.62480030927,253.0,215.0,296.0,81.0,253,78.75059952012205,11.66401427307351
254,1034,1327,1.0,1.6122448444366455,3.9727892875671382,5.0,4.0,4.0,3.0,5.0,4.326530456542969,2.0,1.2759402990341189,1.6122448444366455,4.206348896026611,5.0,3.501499891281128,0.5903361439704895,3.501499891281128,Very High,47.19123077392578,174315.0,1294755.0,catchment_area,False,foundation_perm,False,"valley_depth,relief,settlement",False,-1,False,28445.30235910097,254.0,224.0,289.0,65.0,254,78.01274558867642,11.696853043234412
255,1997,4034,1.6734694242477417,2.2040815353393555,3.5623583793640137,4.673469543457031,3.755102157592773,5.0,2.337868452072144,5.0,4.408163070678711,2.0,1.0358805656433103,1.99546492099762,3.5623583793640137,5.0,3.5008087158203125,0.5900923013687134,3.5008087158203125,Very High,14.288233757019045,255525.0,1265865.0,catchment_area,False,foundation_perm,False,"valley_depth,relief",False,-1,False,42004.910207895016,255.0,230.0,283.0,53.0,255,78.75923640133975,11.442578347245544
256,1761,3872,1.0,4.0,2.929705142974853,5.0,4.0,5.0,4.55555534362793,5.0,4.265305995941162,1.634920597076416,1.0283035039901731,2.0,2.9206349849700928,5.0,3.500586986541748,0.5855921506881714,3.500586986541748,Very High,13.249685287475586,250665.0,1272945.0,"catchment_area,streamflow,dependable_yield",False,foundation_perm,False,"valley_depth,relief",False,-1,False,33473.614025050854,256.0,202.0,297.0,95.0,256,78.7142009896646,11.506212318255576
257,1018,1834,5.0,1.40816330909729,2.800453424453736,5.0,4.0,4.0,5.0,5.0,4.102040767669678,2.0,2.534595727920532,3.723356008529663,2.96371865272522,4.0,3.500190496444702,0.5938777327537537,3.500190496444702,Very High,219.7047119140625,189525.0,1295235.0,"streamflow,dependable_yield",False,foundation_perm,False,"valley_depth,settlement",False,-1,False,31823.855787908866,257.0,240.0,272.0,32.0,257,78.15208740161728,11.702608062840875
258,1187,1368,2.0,4.0,3.600906610488892,5.0,4.0,4.0,5.0,5.0,4.18367338180542,2.405895709991455,1.0344560146331787,1.0,3.99546480178833,5.0,3.4997034072875977,0.6006590723991394,3.4997034072875977,Very High,14.09296989440918,175545.0,1290165.0,catchment_area,False,foundation_perm,False,"valley_depth,relief",False,-1,False,32818.43572057934,258.0,234.0,289.0,55.0,258,78.02445925078531,11.655516574990402
259,1595,3980,1.0,1.59183669090271,3.2018136978149414,5.0,4.0,5.0,3.875283479690552,5.0,4.408163070678711,2.0,1.039121389389038,2.0,3.2018136978149414,5.0,3.499335289001465,0.5874989032745361,3.499335289001465,Very High,14.732426643371582,253905.0,1277925.0,catchment_area,False,foundation_perm,False,"valley_depth,relief,settlement",False,-1,False,30949.616830266077,259.0,219.0,293.0,74.0,259,78.74352843849674,11.551446345147061
260,1278,1584,4.970521450042725,1.5714285373687744,3.913832426071167,5.0,4.0,4.0,2.9727892875671387,3.8480725288391113,4.469387531280518,2.0,4.175816535949707,5.0,3.9863944053649902,4.0,3.4985482692718506,0.5960823893547058,3.4985482692718506,Very High,444.6532897949219,182025.0,1287435.0,,True,foundation_perm,False,settlement,False,-1,False,39024.64530982903,260.0,196.0,316.0,120.0,260,78.08408949359692,11.631468146008753
261,1185,1016,1.0,2.0,3.736961841583252,5.0,4.0,4.714285850524902,1.040816307067871,5.0,4.285714149475098,2.0,1.097408413887024,4.0,4.038548469543457,4.0,3.49814510345459,0.5879148840904236,3.49814510345459,Very High,22.721338272094727,164985.0,1290225.0,,True,foundation_perm,False,"valley_depth,relief,roads",False,-1,False,27830.59708980615,261.0,230.0,296.0,66.0,261,77.92770435819172,11.655040646510331
262,729,600,2.0,1.795918345451355,3.5283446311950684,5.0,4.0,5.0,5.0,5.0,4.469387531280518,2.0,1.705313205718994,5.0,3.6598639488220215,3.0,3.497925281524658,0.589874804019928,3.497925281524658,Very High,106.04182434082033,152505.0,1303905.0,,True,foundation_perm,False,"valley_depth,relief,settlement",False,-1,False,13188.512052776992,262.0,195.0,321.0,126.0,262,77.81195903245934,11.777319406969642
263,1809,3034,3.9274375438690186,4.0,2.678004741668701,5.0,3.5714285373687744,5.0,3.0,4.065759658813477,4.5714287757873535,1.6507935523986816,2.7628960609436035,4.0,2.82086181640625,2.0,3.497487783432007,0.5955825448036194,3.497487783432007,Very High,250.9959716796875,225525.0,1271505.0,"streamflow,dependable_yield,runoff",False,foundation_perm,False,valley_depth,False,-1,False,32711.536947252112,263.0,209.0,304.0,95.0,263,78.48399140679915,11.491302247442094
264,905,1252,1.0,1.3265305757522583,3.575963497161865,5.0,4.0,4.0,1.0,5.0,4.061224460601807,2.0,1.1919381618499756,4.0,3.75283408164978,5.0,3.4972145557403564,0.5918131470680237,3.4972145557403564,Very High,35.67775344848633,172065.0,1298625.0,,True,foundation_perm,False,"valley_depth,relief,settlement,roads",False,-1,False,24044.070188300702,264.0,214.0,314.0,100.0,264,77.99174950954239,11.731587411585798
265,1663,3627,1.0,1.6122448444366455,2.643990993499756,5.0,4.0,5.0,3.0,5.0,4.285714149475098,2.0,1.7449127435684204,5.0,2.632652997970581,5.0,3.497185707092285,0.5903491973876953,3.497185707092285,Very High,111.46939086914062,243315.0,1275885.0,"streamflow,dependable_yield",False,foundation_perm,False,"valley_depth,relief,settlement",False,-1,False,27994.555884760182,265.0,244.0,298.0,54.0,265,78.64663726237373,11.532241596367294
266,2037,4099,1.0,3.0,3.7913835048675537,5.0,4.0,5.0,2.260770797729492,5.0,4.061224460601807,2.0,1.0262666940689087,2.0,3.829931735992432,5.0,3.4971752166748047,0.584536612033844,3.4971752166748047,Very High,12.970520973205566,257475.0,1264665.0,catchment_area,False,foundation_perm,False,"valley_depth,relief",False,-1,False,44006.89012466134,266.0,224.0,309.0,85.0,266,78.77718454762216,11.431870321264183
267,644,975,2.0,1.5714285373687744,3.3401360511779785,5.0,4.0,5.0,2.8276641368865967,5.0,4.081632614135742,2.0,1.0830130577087402,5.0,3.780045509338379,5.0,3.496504068374634,0.5876584053039551,3.496504068374634,Very High,20.748300552368164,163755.0,1306455.0,,True,foundation_perm,False,"valley_depth,relief,settlement",False,-1,False,12711.181047145914,267.0,207.0,330.0,123.0,267,77.91480682405913,11.801483024819776
268,604,3701,3.827664375305176,1.7142857313156128,3.3469390869140625,5.0,3.0,5.0,3.0,5.0,4.36734676361084,2.0,1.9700056314468384,5.0,3.356009006500244,4.0,3.495866060256958,0.5970449447631836,3.495866060256958,Very High,142.32098388671875,245535.0,1307655.0,,True,foundation_perm,False,"valley_depth,settlement",False,-1,False,11255.49582547514,268.0,214.0,307.0,93.0,268,78.66457632975478,11.819480771719325
269,1557,3149,3.963718891143799,3.979591846466065,2.5192742347717285,5.0,4.0,5.0,2.2879817485809326,5.0,4.244897842407227,1.8095239400863647,2.9953033924102783,4.963718891143799,2.5147392749786377,2.0,3.495811462402344,0.5889871120452881,3.495811462402344,Very High,282.85009765625,228975.0,1279065.0,"streamflow,dependable_yield,runoff",False,foundation_perm,False,valley_depth,False,-1,False,24533.84437565624,269.0,206.0,313.0,107.0,269,78.51499484703892,11.559878997956414
270,770,563,1.6666666269302368,2.6530611515045166,3.095238208770752,5.0,4.0,5.0,3.0,5.0,4.061224460601807,2.0,1.4362753629684448,3.403628349304199,3.217687129974365,3.0,3.4955854415893555,0.5935472846031189,3.4955854415893555,Very High,69.16704559326172,151395.0,1302675.0,,True,foundation_perm,False,"valley_depth,relief",False,-1,False,14692.354970386134,270.0,208.0,314.0,106.0,270,77.80191506429684,11.766099164970965
271,1128,4133,1.5804988145828247,4.0,3.326530694961548,5.0,3.836734771728516,5.0,1.80725622177124,5.0,4.326530456542969,2.0,2.458997964859009,3.764172554016113,3.326530694961548,5.0,3.494755744934082,0.5947980880737305,3.494755744934082,Very High,209.3431701660156,258495.0,1291935.0,,True,foundation_perm,False,"valley_depth,relief,roads",False,-1,False,25489.194269290096,271.0,227.0,321.0,94.0,271,78.7845924742431,11.67837660979716
272,1497,3696,4.0,3.0,2.6054420471191406,5.0,4.0,5.0,1.975056529045105,5.0,4.387754917144775,2.0,1.556787133216858,2.0,2.598639488220215,5.0,3.4942495822906494,0.5917850136756897,3.4942495822906494,Very High,85.68456268310547,245385.0,1280865.0,"catchment_area,streamflow,dependable_yield",False,foundation_perm,False,"valley_depth,roads",False,-1,False,24042.326786058205,272.0,207.0,322.0,115.0,272,78.66523191888884,11.577394515216913
273,625,3630,3.1292519569396973,2.836734771728516,3.326530694961548,5.0,3.0,5.0,3.0,5.0,4.857142925262451,2.489795923233032,1.797286033630371,5.0,3.326530694961548,4.0,3.4928219318389893,0.6175402402877808,3.4928219318389893,Very High,118.64776611328124,243405.0,1307025.0,,True,foundation_perm,False,valley_depth,False,-1,False,9071.478325083226,273.0,243.0,308.0,65.0,273,78.6450878133172,11.81362675427984
274,1721,4153,1.0,3.0,3.233560085296631,5.0,4.0,5.0,2.460317611694336,5.0,4.306122303009033,1.657596230506897,1.003941297531128,3.979591846466065,3.224489688873291,5.0,3.49167799949646,0.5921548008918762,3.49167799949646,Very High,9.34240436553955,259095.0,1274145.0,,True,foundation_perm,False,"valley_depth,relief",False,-1,False,37130.72288244874,274.0,211.0,343.0,132.0,274,78.7913583307797,11.517652957596795
275,755,1651,1.0,1.795918345451355,3.448979616165161,5.0,4.0,4.0,2.5600907802581787,5.0,4.36734676361084,2.0,1.2725101709365845,3.795918464660645,3.8344669342041016,5.0,3.491636276245117,0.5905808806419373,3.491636276245117,Very High,46.7210807800293,184035.0,1303125.0,,True,foundation_perm,False,"valley_depth,relief,settlement",False,-1,False,31021.04838671189,275.0,236.0,325.0,89.0,275,78.10102864031411,11.77336508998422
276,1882,3217,3.3378682136535645,3.0,2.548753023147583,5.0,4.0,5.0,2.179138422012329,5.0,4.122448921203613,1.5714285373687744,2.7323944568634038,4.0,2.548753023147583,3.0,3.4908461570739746,0.5895317792892456,3.4908461570739746,Very High,246.81532287597656,231015.0,1269315.0,"streamflow,dependable_yield",False,foundation_perm,False,valley_depth,False,-1,False,33712.692719021645,276.0,248.0,298.0,50.0,276,78.53445529394318,11.471944847183012
277,1224,3907,1.9569162130355835,2.7142856121063232,3.1564626693725586,5.0,4.0,5.0,2.229024887084961,5.0,4.408163070678711,2.0,2.192552089691162,3.0,3.3854875564575195,5.0,3.490490674972534,0.5883599519729614,3.490490674972534,Very High,172.82363891601562,251715.0,1289055.0,,True,foundation_perm,False,"valley_depth,relief",False,-1,False,21287.485326548594,277.0,243.0,330.0,87.0,277,78.72264337363184,11.651865242755681
278,1255,956,1.0,1.1020407676696775,3.1043083667755127,5.0,4.0,5.0,3.0,5.0,4.346938610076904,2.904761791229248,1.125621676445007,3.0,3.3310656547546387,4.0,3.490072011947632,0.6179681420326233,3.490072011947632,Very High,26.58831214904785,163185.0,1288125.0,,True,foundation_perm,False,"valley_depth,relief,settlement",False,-1,False,29341.71678838567,278.0,227.0,326.0,99.0,278,77.9114234834084,11.635900093746502
279,1238,4102,1.0,4.0,3.3083901405334477,5.0,4.0,5.0,2.809523582458496,5.0,4.326530456542969,2.0,2.0440146923065186,1.0,3.3083901405334477,5.0,3.489771604537964,0.5860245227813721,3.489771604537964,Very High,152.46485900878906,257565.0,1288635.0,catchment_area,False,foundation_perm,False,"valley_depth,relief",False,-1,False,26264.57758082435,279.0,196.0,355.0,159.0,279,78.77630325818532,11.64848940489715
280,1338,3751,1.0,3.0,2.916100025177002,5.0,4.0,5.0,1.3900226354599,5.0,4.306122303009033,2.0,1.1912912130355835,5.0,3.133786916732788,5.0,3.489715814590454,0.5855365991592407,3.489715814590454,Very High,35.58906555175781,247035.0,1285635.0,streamflow,False,foundation_perm,False,"valley_depth,relief,roads",False,-1,False,20681.88683699751,280.0,236.0,328.0,92.0,280,78.6799973087497,11.620618716523573
281,1473,3288,5.0,3.0,2.7573697566986084,5.0,3.7142856121063232,5.0,2.378684759140014,3.231292486190796,4.346938610076904,1.0,2.9825146198272705,4.0,2.748299360275269,3.0,3.489701747894287,0.5655916929244995,3.489701747894287,Very High,281.0972595214844,233145.0,1281585.0,"streamflow,dependable_yield",False,foundation_perm,False,"valley_width,valley_depth",False,-1,False,21275.909765565,281.0,246.0,313.0,67.0,281,78.55300676880475,11.582973261956447
282,1225,4001,1.0,4.0,3.052154302597046,5.0,4.0,5.0,2.6961452960968018,5.0,4.102040767669678,2.0,1.0568090677261353,1.0,3.061224460601806,5.0,3.487524509429932,0.5838679671287537,3.487524509429932,Very High,17.156715393066406,254535.0,1289025.0,catchment_area,False,foundation_perm,False,"valley_depth,relief",False,-1,False,23534.985869354736,282.0,223.0,349.0,126.0,282,78.74849756128295,11.651797659694633
283,1309,4128,1.0,2.0,4.081632614135742,5.0,4.0,5.0,2.868480443954468,5.0,4.285714149475098,2.0,1.8401336669921875,3.0,4.081632614135742,5.0,3.4873766899108887,0.5863667130470276,3.4873766899108887,Very High,124.52053833007812,258345.0,1286505.0,,True,foundation_perm,False,"valley_depth,relief",False,-1,False,28100.246382368285,283.0,246.0,347.0,101.0,283,78.7836064098292,11.629296177397633
284,729,1091,1.6303855180740356,1.8979592323303225,3.5283448696136475,5.0,4.0,4.0,1.072562336921692,5.0,4.081632614135742,1.0,1.3328523635864258,3.0,3.766439914703369,5.0,3.4872963428497314,0.5650768876075745,3.4872963428497314,Very High,54.9916877746582,167235.0,1303905.0,,True,foundation_perm,False,"valley_depth,relief,settlement,roads",False,-1,False,16889.186556652436,284.0,233.0,334.0,101.0,284,77.94696022754258,11.778799623857982
285,1699,4221,1.0,1.3877551555633545,3.417233943939209,5.0,4.0,5.0,2.9410431385040283,5.0,4.36734676361084,2.0,1.0404798984527588,5.0,3.417233943939209,5.0,3.486433506011963,0.5851656198501587,3.486433506011963,Very High,14.918619155883787,261135.0,1274805.0,,True,foundation_perm,False,"valley_depth,relief,settlement",False,-1,False,37976.04401765623,285.0,232.0,345.0,113.0,285,78.81000549891992,11.523758773137947
286,1253,3967,1.0,3.0,3.0634920597076416,5.0,4.0,5.0,3.0,5.0,4.0,2.0,1.073386311531067,5.0,3.0634920597076416,5.0,3.486344814300537,0.5862011313438416,3.486344814300537,Very High,19.428823471069336,253515.0,1288185.0,,True,foundation_perm,False,"valley_depth,relief",False,-1,False,23230.72252832524,286.0,251.0,333.0,82.0,286,78.7392081693246,11.644133634399473
287,1678,3664,1.0,1.836734652519226,2.585034132003784,5.0,4.0,5.0,3.0680270195007324,5.0,4.489795684814453,2.0,1.0416858196258545,2.777777910232544,2.5782310962677,5.0,3.485576868057251,0.5851477384567261,3.485576868057251,Very High,15.08389949798584,244425.0,1275435.0,"catchment_area,streamflow,dependable_yield",False,foundation_perm,False,"valley_depth,relief,settlement",False,-1,False,28754.999087197422,287.0,238.0,330.0,92.0,287,78.65684184198241,11.528257592758118
288,1256,900,1.0,1.6530612707138062,3.4761903285980225,5.0,4.0,5.0,2.641723394393921,5.0,4.224489688873291,2.0,1.187820553779602,3.0,3.6984128952026367,4.0,3.4853384494781494,0.5900329351425171,3.4853384494781494,Very High,35.11337661743164,161505.0,1288095.0,,True,foundation_perm,False,"valley_depth,relief,settlement",False,-1,False,29010.938442005427,288.0,259.0,318.0,59.0,288,77.89603671298103,11.635463667643672
289,1149,892,2.0,2.0,2.929705142974853,5.0,4.0,5.0,3.0,5.0,4.653061389923096,2.0,1.154910445213318,4.0,3.3083901405334477,4.0,3.4849092960357666,0.5906187295913696,3.4849092960357666,Very High,30.60267448425293,161265.0,1291305.0,streamflow,False,foundation_perm,False,"valley_depth,relief",False,-1,False,25815.08761872524,289.0,247.0,343.0,96.0,289,77.89351593380044,11.66442702366638
290,1224,1700,2.0,1.6938775777816772,3.3424038887023926,4.673469543457031,4.0,4.0,3.0,5.0,4.428571224212647,2.0,1.7681093215942385,5.0,3.365079641342163,4.0,3.484853506088257,0.5878931879997253,3.484853506088257,Very High,114.64877319335938,185505.0,1289055.0,,True,foundation_perm,False,"valley_depth,relief,settlement",False,-1,False,37671.8047480641,290.0,229.0,366.0,137.0,290,78.11582272756802,11.646421158562415
291,1890,3760,4.444444179534912,5.0,3.0317461490631104,5.0,4.0,5.0,5.0,5.0,4.244897842407227,1.0,3.181563377380371,3.0,3.231292486190796,5.0,3.484346389770508,0.5625825524330139,3.484346389770508,Very High,308.3791809082031,247305.0,1269075.0,,True,foundation_perm,False,,True,-1,False,35704.97098475888,291.0,223.0,358.0,135.0,291,78.6837010187129,11.470998559225885
292,722,1643,2.0,2.1020407676696777,2.7845804691314697,5.0,4.0,4.0,2.8276641368865967,5.0,4.306122303009033,1.9705215692520144,1.8896596431732176,4.197278499603272,3.337868452072144,5.0,3.4843337535858154,0.589472770690918,3.4843337535858154,Very High,131.3086395263672,183795.0,1304115.0,streamflow,False,foundation_perm,False,"valley_depth,relief",False,-1,False,30385.14370589949,292.0,255.0,335.0,80.0,292,78.0987347372321,11.782284230808598
293,508,1564,2.0,1.7755101919174194,2.9614510536193848,5.0,4.0,4.0,3.0,5.0,4.265305995941162,2.0,1.27277672290802,3.0,3.5079362392425537,5.0,3.4837167263031006,0.5863794088363647,3.4837167263031006,Very High,46.75761795043945,181425.0,1310535.0,streamflow,False,foundation_perm,False,"valley_depth,relief,settlement",False,-1,False,26048.326324615053,293.0,251.0,341.0,90.0,293,78.07639384229482,11.840045185000259
294,1914,3594,1.7324262857437134,1.6734694242477417,2.5215420722961426,5.0,4.0,5.0,1.426303744316101,5.0,4.326530456542969,1.6054421663284302,3.6003570556640625,3.0,2.5215420722961426,4.0,3.4828600883483887,0.5985150337219238,3.4828600883483887,Very High,365.7798156738281,242325.0,1268355.0,"streamflow,dependable_yield",False,foundation_perm,False,"relief,settlement,roads",False,-1,False,35073.64158490967,294.0,235.0,349.0,114.0,294,78.63813330180999,11.464127089784057
295,1290,3963,1.4943310022354126,3.0,3.233560085296631,5.0,4.0,5.0,3.0,5.0,4.428571224212647,2.0,1.048020362854004,1.0,3.233560085296631,5.0,3.4826552867889404,0.5851062536239624,3.4826552867889404,Very High,15.952129364013672,253395.0,1287075.0,catchment_area,False,foundation_perm,False,"valley_depth,relief",False,-1,False,23851.202738753407,295.0,229.0,361.0,132.0,295,78.73818919485839,11.634094447240228
296,963,1760,4.62358283996582,3.0,3.458049774169922,5.0,4.0,4.0,2.809523820877075,3.3401358127593994,4.551020622253418,1.9455780982971191,2.8571503162384038,2.0,3.551020383834839,4.0,3.481489658355713,0.590499758720398,3.481489658355713,Very High,263.91461181640625,187305.0,1296885.0,catchment_area,False,foundation_perm,False,"valley_width,valley_depth",False,-1,False,33590.66163856797,296.0,259.0,330.0,71.0,296,78.13158785111878,11.717308096415355
297,761,1130,1.6507935523986816,1.5510203838348389,3.492063522338867,5.0,4.0,4.0,2.1564624309539795,5.0,4.204081535339356,1.709750771522522,1.34058940410614,1.0,3.8004536628723145,5.0,3.4813156127929688,0.5856176018714905,3.4813156127929688,Very High,56.05215072631836,168405.0,1302945.0,catchment_area,False,foundation_perm,False,"valley_depth,relief,settlement",False,-1,False,18384.175273306977,297.0,268.0,330.0,62.0,297,77.95777953935334,11.770244983814608
298,1976,4122,1.0,1.755102038383484,3.3356008529663086,5.0,4.0,5.0,1.4671202898025513,5.0,4.36734676361084,2.0,1.0045698881149292,5.0,3.328798055648804,5.0,3.480509042739868,0.5856266617774963,3.480509042739868,Very High,9.609474182128906,258165.0,1266495.0,,True,foundation_perm,False,"valley_depth,relief,settlement,roads",False,-1,False,42796.34632141902,298.0,237.0,362.0,125.0,298,78.78337660329531,11.448455808222059
299,2045,4258,1.0,3.0,3.813131093978882,5.0,4.0,5.0,3.0,5.0,4.0,2.0,1.0087614059448242,3.0,3.813131093978882,5.0,3.48022985458374,0.584534764289856,3.48022985458374,Very High,10.57122802734375,262245.0,1264425.0,,True,foundation_perm,False,"valley_depth,relief",False,-1,False,46778.19633286413,299.0,246.0,355.0,109.0,299,78.82089736996744,11.430029775383382
300,1669,4009,1.6235828399658203,2.4693877696990967,3.5215415954589844,5.0,4.0,5.0,3.0,5.0,4.448979377746582,2.0,1.055472731590271,1.8956915140151975,3.496598482131958,5.0,3.4800236225128174,0.5861824154853821,3.4800236225128174,Very High,16.97354507446289,254775.0,1275705.0,catchment_area,False,foundation_perm,False,"valley_depth,relief",False,-1,False,33255.458682597164,300.0,269.0,337.0,68.0,300,78.75166108263372,11.531446859216016
301,1746,3371,3.8956916332244873,3.0,2.696145534515381,5.0,4.0,5.0,3.199546337127685,3.3038547039031982,4.408163070678711,1.0,3.015115737915039,4.0,2.8299319744110107,4.0,3.479868173599243,0.5679574012756348,3.479868173599243,Very High,285.5656433105469,235635.0,1273395.0,"streamflow,dependable_yield",False,foundation_perm,False,valley_width,False,-1,False,29345.944426305185,301.0,228.0,373.0,145.0,301,78.5764609393342,11.509164396663827
302,2224,3644,5.0,3.0,3.3877551555633545,5.0,3.938775539398194,5.0,3.0,3.7936506271362314,3.7142856121063232,1.562358260154724,4.249999523162842,3.0,3.6643991470336914,4.0,3.4797027111053467,0.5960433483123779,3.4797027111053467,Very High,454.8208618164063,243825.0,1259055.0,,True,foundation_perm,False,,True,-1,False,44488.31132245812,302.0,239.0,371.0,132.0,302,78.65256596998383,11.38020203767089
303,2043,3269,5.0,2.5714285373687744,3.6099772453308105,5.0,3.551020383834839,5.0,4.950113296508789,3.458049774169922,3.6530611515045166,2.0,3.477489233016968,4.0,3.643990993499756,3.0,3.47965931892395,0.5900273323059082,3.47965931892395,Very High,348.9392395019531,232575.0,1264485.0,,True,foundation_perm,False,valley_width,False,-1,False,38359.92909399851,303.0,234.0,349.0,115.0,303,78.54912121129557,11.4284241856714
304,629,3781,4.723355770111084,2.693877458572388,3.6916098594665527,5.0,3.0,5.0,2.655328750610352,3.585033893585205,4.489795684814453,1.866213083267212,2.1387393474578857,3.0,3.7800452709198,4.517006874084473,3.479339599609375,0.5954700708389282,3.479339599609375,Very High,165.44796752929688,247935.0,1306905.0,,True,foundation_perm,False,valley_depth,False,-1,False,13199.986379322258,304.0,232.0,375.0,143.0,304,78.6866473046852,11.812884014202755
305,1952,3499,4.9365081787109375,2.551020383834839,2.9342403411865234,5.0,4.0,5.0,3.0,5.0,4.612245082855225,1.4126983880996704,3.486299753189087,3.312925100326538,2.9342403411865234,4.0,3.47914719581604,0.5947664976119995,3.47914719581604,Very High,350.1468811035156,239475.0,1267215.0,"streamflow,dependable_yield",False,foundation_perm,False,,True,-1,False,35756.97055105625,305.0,237.0,353.0,116.0,305,78.61211225171375,11.453613967746891
306,974,1726,4.0,1.59183669090271,3.4285714626312256,5.0,4.0,4.0,1.8707482814788816,5.0,4.244897842407227,2.0,2.3397109508514404,2.0,3.684807300567627,4.0,3.4788780212402344,0.5929381251335144,3.4788780212402344,Very High,192.99343872070312,186285.0,1296555.0,catchment_area,False,foundation_perm,False,"valley_depth,settlement,roads",False,-1,False,34656.85606138792,306.0,265.0,339.0,74.0,306,78.12227029254402,11.714233607106843
307,352,752,4.0,2.367347002029419,2.970521688461304,5.0,3.755102157592773,5.0,3.598639726638794,5.0,4.163265228271484,2.0204081535339355,1.4683308601379397,4.0,3.222222089767456,3.0,3.4774327278137207,0.6157078742980957,3.4774327278137207,Very High,73.56059265136719,157065.0,1315215.0,streamflow,False,foundation_perm,False,valley_depth,False,-1,False,1689.8456462502147,307.0,236.0,356.0,120.0,307,77.85258131098165,11.879911220581251
308,1235,4148,4.9479169845581055,4.0,3.1962673664093018,5.0,4.0,5.0,3.694444417953491,4.9479169845581055,4.25,1.9791667461395264,1.9907574653625488,5.0,3.1962673664093018,5.0,3.4772748947143555,0.5934627652168274,3.4772748947143555,Very High,145.16529846191406,258945.0,1288725.0,,True,foundation_perm,False,valley_depth,False,-1,False,27392.54171960171,308.0,250.0,347.0,97.0,308,78.78894806060183,11.64940021525843
309,565,1075,2.0,1.40816330909729,3.8321993350982666,5.0,4.0,4.0,3.956916093826294,5.0,4.346938610076904,2.0,1.1182522773742676,5.0,4.185941219329834,5.0,3.477248191833496,0.5868648290634155,3.477248191833496,Very High,25.57823181152344,166755.0,1308825.0,,True,foundation_perm,False,"valley_depth,relief,settlement",False,-1,False,13194.706846155364,309.0,221.0,410.0,189.0,309,77.94206803021197,11.823182747140846
310,1061,3296,2.0,1.795918345451355,2.827664375305176,5.0,4.0,5.0,2.7097504138946533,5.0,4.510204315185547,2.5714285373687744,3.744767904281616,5.0,2.5260770320892334,2.687074661254883,3.47670841217041,0.6241411566734314,3.47670841217041,Very High,385.5729370117188,233385.0,1293945.0,"streamflow,dependable_yield,runoff",False,foundation_perm,False,"relief,settlement",False,-1,False,9025.03068229582,310.0,251.0,369.0,118.0,310,78.55423009296749,11.694668543935316
311,1443,4065,1.0,2.061224460601806,3.4331064224243164,5.0,4.0,5.0,3.0,5.0,4.510204315185547,2.0,1.031382441520691,2.0,3.414965867996216,5.0,3.4762051105499268,0.5847330093383789,3.4762051105499268,Very High,13.671707153320312,256455.0,1282485.0,catchment_area,False,foundation_perm,False,"valley_depth,relief",False,-1,False,29209.40657029705,311.0,264.0,353.0,89.0,311,78.76657026511812,11.592834792155378
312,1619,4093,1.0,2.857142925262451,3.2993197441101074,5.0,4.0,5.0,4.238095283508301,5.0,4.204081535339356,2.0,1.0045459270477295,2.0,3.2970521450042725,5.0,3.4761226177215576,0.5845743417739868,3.4761226177215576,Very High,9.84152126312256,257295.0,1277205.0,catchment_area,False,foundation_perm,False,"valley_depth,relief",False,-1,False,33630.69742026857,312.0,257.0,366.0,109.0,312,78.77464657678956,11.545179899454716
313,1779,4045,1.0,2.3469388484954834,3.206349372863769,5.0,4.0,5.0,3.0,5.0,4.265305995941162,2.0,1.056191325187683,2.0,3.19274377822876,5.0,3.475630521774292,0.5863474607467651,3.475630521774292,Very High,17.072059631347656,255855.0,1272405.0,catchment_area,False,foundation_perm,False,"valley_depth,relief",False,-1,False,36582.00841818464,313.0,270.0,365.0,95.0,313,78.76179372205837,11.501702016726643
314,1532,3537,3.3378682136535645,3.0,2.60090708732605,5.0,3.7142856121063232,5.0,1.117913842201233,5.0,4.142857074737549,2.0,2.298295259475708,2.0,2.59637188911438,4.0,3.4754106998443604,0.5896721482276917,3.4754106998443604,Very High,187.3169708251953,240615.0,1279815.0,"catchment_area,streamflow,dependable_yield",False,foundation_perm,False,"valley_depth,roads",False,-1,False,23508.68777679008,314.0,259.0,371.0,112.0,314,78.62159821031774,11.567550920168507
315,1777,3502,4.750566959381104,2.142857074737549,2.5215420722961426,5.0,4.0,5.0,4.469387531280518,5.0,4.224489688873291,2.0,2.900146722793579,4.0,2.5215420722961426,4.0,3.474896192550659,0.5933853983879089,3.474896192550659,Very High,269.8077697753906,239565.0,1272465.0,"streamflow,dependable_yield",False,foundation_perm,False,valley_depth,False,-1,False,30558.96046658898,315.0,218.0,404.0,186.0,315,78.6125376925088,11.501058751520752
316,1868,3981,1.0,1.7346938848495483,3.1496598720550537,5.0,4.0,5.0,4.746031761169434,5.0,4.061224460601807,2.0,1.0314265489578247,2.045351505279541,3.102040529251098,5.0,3.474605083465576,0.5803279280662537,3.474605083465576,Very High,13.677751541137695,253935.0,1269735.0,catchment_area,False,foundation_perm,False,"valley_depth,relief,settlement",False,-1,False,37848.86361586493,316.0,242.0,384.0,142.0,316,78.74439348064973,11.477438391080986
317,1900,3268,4.993196964263916,2.040816307067871,2.7165534496307373,5.0,4.0,5.0,1.9931972026824951,5.0,4.326530456542969,2.0,2.612616062164306,2.60090708732605,2.748299360275269,3.0,3.4736580848693848,0.5930191278457642,3.4736580848693848,Very High,230.39833068847656,232545.0,1268775.0,"catchment_area,streamflow,dependable_yield",False,foundation_perm,False,"valley_depth,roads",False,-1,False,34085.6371782655,317.0,240.0,393.0,153.0,317,78.548512570255,11.467183786717273
318,605,556,5.0,3.0,3.4331064224243164,5.0,3.897959232330322,5.0,4.310657501220703,5.0,3.7142856121063232,1.7052154541015625,2.101484060287476,2.0,3.537414789199829,3.0,3.473376750946045,0.5761266350746155,3.473376750946045,Very High,160.34165954589844,151185.0,1307625.0,catchment_area,False,foundation_perm,False,valley_depth,False,-1,False,10225.577739574508,318.0,214.0,408.0,194.0,318,77.79947241580429,11.81077274392353
319,721,1482,1.0294784307479858,2.3877551555633545,3.823129177093506,5.0,4.0,4.0,3.0,5.0,4.489795684814453,2.0,1.096546292304993,3.040816307067871,4.045351505279541,5.0,3.472299814224243,0.5901073217391968,3.472299814224243,Very High,22.603174209594727,178965.0,1304145.0,,True,foundation_perm,False,"valley_depth,relief",False,-1,False,26042.739962496405,319.0,261.0,379.0,118.0,319,78.0544559135992,11.782100293147954
320,587,1508,1.0,3.0,3.272108793258667,5.0,4.0,4.0,2.8049886226654053,5.0,4.163265228271484,2.0,1.0864672660827637,1.1383219957351685,3.718821048736572,5.0,3.472175121307373,0.5830473899841309,3.472175121307373,Very High,21.22171974182129,179745.0,1308165.0,catchment_area,False,foundation_perm,False,"valley_depth,relief",False,-1,False,25111.072586232214,320.0,304.0,330.0,26.0,320,78.06121907250606,11.818481047029175
321,1114,3009,4.616780281066895,4.0,2.140589714050293,5.0,4.0,5.0,5.0,5.0,4.612245082855225,2.0,4.080700874328613,5.0,1.8571428060531616,1.0,3.472081422805786,0.5797021389007568,3.472081422805786,Very High,431.6165161132813,224775.0,1292355.0,"streamflow,dependable_yield,runoff",False,foundation_perm,False,,True,-1,False,12311.31210990115,321.0,240.0,397.0,157.0,321,78.4754298714243,11.679618920031636
322,1861,3058,4.62811803817749,4.0,2.539682626724243,5.0,4.0,5.0,3.0090701580047607,5.0,4.510204315185547,1.9705214500427248,2.257453203201294,5.0,2.6145122051239014,2.0,3.4719393253326416,0.5852898359298706,3.4719393253326416,Very High,181.7190704345703,226245.0,1269945.0,"streamflow,dependable_yield,runoff",False,foundation_perm,False,valley_depth,False,-1,False,34051.45396268456,322.0,249.0,375.0,126.0,322,78.49071164328045,11.477264539863338
323,643,1486,1.5873016119003296,3.0,3.809523820877075,5.0,4.0,4.0,3.0,5.0,4.408163070678711,2.0,1.0982595682144165,1.0,4.224489688873291,5.0,3.4711802005767822,0.5847145318984985,3.4711802005767822,Very High,22.83799362182617,179085.0,1306485.0,catchment_area,False,foundation_perm,False,"valley_depth,relief",False,-1,False,25118.34453400901,323.0,291.0,362.0,71.0,323,78.05533041327266,11.803245400722982
324,1678,4191,1.0,1.7142857313156128,3.1609976291656494,5.0,4.0,5.0,2.6099772453308105,5.0,4.224489688873291,2.0,1.0555719137191772,3.884353876113892,3.1609976291656494,5.0,3.470163345336914,0.589540421962738,3.470163345336914,Very High,16.98714828491211,260235.0,1275435.0,,True,foundation_perm,False,"valley_depth,relief,settlement",False,-1,False,36903.69047344405,324.0,252.0,382.0,130.0,324,78.80171394219343,11.529389823699711
325,1973,3413,5.0,2.4693877696990967,2.59183669090271,5.0,4.0,5.0,2.3015873432159424,5.0,4.306122303009033,2.0,2.64707612991333,1.0,2.759637355804444,4.0,3.469910144805908,0.5872783660888672,3.469910144805908,Very High,235.12142944335935,236895.0,1266585.0,"catchment_area,streamflow,dependable_yield",False,foundation_perm,False,valley_depth,False,-1,False,36185.58897660326,325.0,292.0,361.0,69.0,325,78.58852758375781,11.447727494528625
326,1360,3300,1.0,1.7142857313156128,2.643990993499756,5.0,4.0,5.0,3.0272107124328613,5.0,4.408163070678711,2.0,1.038343906402588,2.0,2.643990993499756,3.0,3.4698827266693115,0.5798705220222473,3.4698827266693115,Very High,14.625849723815918,233505.0,1284975.0,"catchment_area,streamflow,dependable_yield",False,foundation_perm,False,"valley_depth,relief,settlement",False,-1,False,17866.849707749778,326.0,301.0,352.0,51.0,326,78.5560392042524,11.613631042528722
327,179,2337,4.925925731658936,2.866666555404663,3.4425926208496094,5.0,3.799999952316284,4.0,2.892592668533325,3.6259257793426514,2.7666666507720947,1.7777777910232544,2.475539445877075,4.0,3.31851863861084,2.0,3.4687952995300293,0.5861610770225525,3.4687952995300293,Very High,211.61038208007807,204615.0,1320405.0,runoff,False,foundation_perm,False,"valley_depth,slope",False,-1,False,22776.93415518028,327.0,272.0,384.0,112.0,327,78.28815552439093,11.931318762971793
328,1517,3245,4.2562360763549805,3.0,3.020408391952514,5.0,3.673469305038452,5.0,2.238095283508301,5.0,3.8775510787963863,2.0,2.8593838214874268,3.0,3.006803035736084,3.0,3.4682438373565674,0.5917450189590454,3.4682438373565674,Very High,264.220703125,231855.0,1280265.0,,True,foundation_perm,False,valley_depth,False,-1,False,22754.387345007875,328.0,305.0,357.0,52.0,328,78.54128961066841,11.57094644340374
329,1352,3971,1.0,3.81632661819458,3.632652997970581,5.0,4.0,5.0,3.0,5.0,4.510204315185547,2.0,1.0429009199142456,3.959183692932129,3.632652997970581,5.0,3.4670097827911377,0.584661602973938,3.4670097827911377,Very High,15.25044059753418,253635.0,1285215.0,,True,foundation_perm,False,"valley_depth,relief",False,-1,False,25284.46737941079,329.0,283.0,382.0,99.0,329,78.7405247991531,11.617303731127382
330,437,1387,1.9795918464660645,2.59183669090271,3.884353876113892,5.0,4.0,4.0,2.2517006397247314,5.0,4.469387531280518,2.0,1.5859010219573977,2.0,4.2131524085998535,5.0,3.4666123390197754,0.5843743681907654,3.4666123390197754,Very High,89.67498779296875,176115.0,1312665.0,catchment_area,False,foundation_perm,False,"valley_depth,relief",False,-1,False,20405.571290556403,330.0,305.0,352.0,47.0,330,78.02750047452521,11.85877501163872
331,303,1512,4.0,3.0,3.8344669342041016,5.0,2.632652997970581,4.0,3.0,5.0,3.959183692932129,2.0,2.938040256500244,3.0,4.233560085296631,4.0,3.4664177894592285,0.5940256118774414,3.4664177894592285,Very High,275.00152587890625,179865.0,1316685.0,,True,foundation_perm,False,valley_depth,False,-1,False,23773.432917984355,331.0,280.0,370.0,90.0,331,78.06149537239072,11.895440968026211
332,1380,3598,1.0,3.0,2.594104290008545,5.0,4.0,5.0,2.768707275390625,5.0,4.142857074737549,1.8571428060531616,1.0467538833618164,2.977324247360229,2.589569091796875,4.0,3.4657387733459477,0.5892587304115295,3.4657387733459477,Very High,15.778532028198242,242445.0,1284375.0,"catchment_area,streamflow,dependable_yield",False,foundation_perm,False,"valley_depth,relief",False,-1,False,19666.6481492466,332.0,267.0,402.0,135.0,332,78.63802196529753,11.608891942475344
333,1298,3408,1.0,2.326530694961548,2.619047880172729,5.0,4.0,5.0,1.902494192123413,5.0,4.469387531280518,1.8548752069473269,1.0426123142242432,2.0,2.619047880172729,3.0,3.4645297527313232,0.5790984034538269,3.4645297527313232,Very High,15.210885047912598,236745.0,1286835.0,"catchment_area,streamflow,dependable_yield",False,foundation_perm,False,"valley_depth,relief,roads",False,-1,False,15961.063309835574,333.0,296.0,382.0,86.0,333,78.5855891281671,11.630687173877385
334,744,1812,1.6780043840408323,5.0,3.3038547039031982,5.0,4.0,4.0,2.2562358379364014,5.0,4.36734676361084,1.0,1.121108889579773,3.0,3.3265302181243896,4.0,3.464317560195923,0.5604104995727539,3.464317560195923,Very High,25.96976661682129,188865.0,1303455.0,,True,foundation_perm,False,"valley_depth,relief",False,-1,False,31317.664702275066,334.0,282.0,377.0,95.0,334,78.14527426801459,11.776793054166294
335,244,1359,4.5646257400512695,3.0,3.142857074737549,5.0,3.2448978424072266,4.0,3.0181405544281006,4.782313346862793,4.448979377746582,1.8571428060531616,1.6687763929367063,3.0,3.684807538986206,4.0,3.464292049407959,0.5829002857208252,3.464292049407959,Very High,101.03401184082033,175275.0,1318455.0,,True,foundation_perm,False,valley_depth,False,-1,False,19273.092071751464,335.0,275.0,385.0,110.0,335,78.01922922026725,11.910984323978353
336,1124,2058,1.292517066001892,1.755102038383484,3.0158729553222656,5.0,4.0,4.0,2.9909298419952397,5.0,4.265305995941162,2.0,1.127285361289978,5.0,2.761904716491699,3.0,3.4639997482299805,0.5830985307693481,3.4639997482299805,Very High,26.816326141357425,196245.0,1292055.0,dependable_yield,False,foundation_perm,False,"valley_depth,relief,settlement",False,-1,False,26652.193106097093,336.0,294.0,381.0,87.0,336,78.21396424854129,11.67448952236583
337,1822,3454,4.9229021072387695,3.061224460601806,2.646258592605591,5.0,4.0,5.0,3.784580707550049,5.0,4.142857074737549,2.0,2.376056671142578,2.9795918464660645,2.646258592605591,4.0,3.4639382362365723,0.5876484513282776,3.4639382362365723,Very High,197.9750518798828,238125.0,1271115.0,"catchment_area,streamflow,dependable_yield",False,foundation_perm,False,valley_depth,False,-1,False,31741.46291167896,337.0,269.0,395.0,126.0,337,78.59944829534824,11.488752064667858
338,279,1005,1.976190447807312,2.0714285373687744,3.578571319580078,5.0,4.0,5.0,3.039682626724243,4.940476417541504,4.107142925262451,1.976190447807312,1.5668777227401731,1.0277777910232544,4.044444561004639,4.0,3.4634485244750977,0.5745816230773926,3.4634485244750977,Very High,87.0676040649414,164655.0,1317405.0,catchment_area,False,foundation_perm,False,"valley_depth,relief",False,-1,False,8601.35773339064,338.0,303.0,370.0,67.0,338,77.92194793598875,11.900454933564228
339,523,82,4.6598639488220215,1.8775510787963867,3.3356008529663086,5.0,4.0,5.0,2.1700680255889893,5.0,4.408163070678711,2.0,4.711853981018066,5.0,3.319727659225464,2.0,3.463416337966919,0.5849627256393433,3.463416337966919,Very High,518.1234741210938,136965.0,1310085.0,runoff,False,foundation_perm,False,settlement,False,-1,False,20204.714862786383,339.0,224.0,453.0,229.0,339,77.66888005021968,11.831482578105032
340,1181,4181,1.0,2.4285714626312256,3.714285373687744,5.0,4.0,5.0,1.961451292037964,5.0,4.387754917144775,2.0,2.067406415939331,4.120181560516357,3.714285373687744,5.0,3.4629061222076416,0.5901222825050354,3.4629061222076416,Very High,155.6709442138672,259935.0,1290345.0,,True,foundation_perm,False,"valley_depth,relief,roads",False,-1,False,27479.95035359428,340.0,304.0,384.0,80.0,340,78.79790865406132,11.664109574958088
341,1967,3337,5.0,1.6122448444366455,3.4263041019439697,5.0,3.836734771728516,5.0,2.900226831436157,5.0,4.346938610076904,2.0,2.0093014240264893,3.0,3.4467122554779053,3.0,3.460463762283325,0.5845765471458435,3.460463762283325,Very High,147.7069854736328,234615.0,1266765.0,,True,foundation_perm,False,"valley_depth,settlement",False,-1,False,35983.844286609,341.0,284.0,399.0,115.0,341,78.56762955552337,11.449180952364319
342,1142,1341,1.0,1.530612230300903,3.417233467102051,5.0,4.0,4.0,3.0,5.0,4.306122303009033,2.0,1.131682515144348,1.0090702772140503,3.8435373306274414,5.0,3.45993447303772,0.5819423794746399,3.45993447303772,Very High,27.41899681091309,174735.0,1291515.0,catchment_area,False,foundation_perm,False,"valley_depth,relief,settlement",False,-1,False,31251.38698704012,342.0,323.0,371.0,48.0,342,78.0169075603915,11.667631874371088
343,2164,4146,1.0,2.0,3.4285714626312256,5.0,4.0,5.0,3.0,5.0,4.163265228271484,2.0,1.0142757892608645,4.877551078796387,3.4376416206359863,5.0,3.4597389698028564,0.5853912830352783,3.4597389698028564,Very High,11.317461013793944,258885.0,1260855.0,,True,foundation_perm,False,"valley_depth,relief",False,-1,False,48015.28843369424,343.0,288.0,399.0,111.0,343,78.79036742861828,11.39753713947798
344,663,723,2.136054515838623,1.6530612707138062,3.489795923233032,5.0,4.0,5.0,5.0,5.0,4.714285850524902,2.0,1.3445087671279907,1.0,3.773242950439453,4.0,3.4592931270599365,0.5796746015548706,3.4592931270599365,Very High,56.589317321777344,156195.0,1305885.0,catchment_area,False,foundation_perm,False,"valley_depth,relief,settlement",False,-1,False,10711.92020600959,344.0,302.0,393.0,91.0,344,77.84557207492078,11.795575082360298
345,1861,3426,5.0,2.632652997970581,3.541950225830078,5.0,4.0,5.0,3.0,3.693877458572388,4.285714149475098,2.0,2.3494791984558105,5.0,3.541950225830078,4.0,3.4592525959014893,0.592473566532135,3.4592525959014893,Very High,194.33230590820312,237285.0,1269945.0,,True,foundation_perm,False,valley_depth,False,-1,False,32848.67239392664,345.0,282.0,411.0,129.0,345,78.59184267302662,11.478116845885513
346,1685,4133,1.0,2.7142856121063232,3.260770797729492,5.0,4.0,5.0,3.0,5.0,4.224489688873291,2.0,1.047643542289734,4.0,3.2471656799316406,5.0,3.459239959716797,0.5882294774055481,3.459239959716797,Very High,15.900479316711426,258495.0,1275225.0,,True,foundation_perm,False,"valley_depth,relief",False,-1,False,35916.97066371434,346.0,277.0,415.0,138.0,346,78.78578389637191,11.527370997354206
347,1607,4165,1.0,1.7346938848495483,3.3854875564575195,5.0,4.0,5.0,2.63718843460083,5.0,4.306122303009033,2.0,1.0460901260375977,1.0181405544281006,3.3854875564575195,5.0,3.459143877029419,0.5787736177444458,3.459143877029419,Very High,15.687578201293944,259455.0,1277565.0,catchment_area,False,foundation_perm,False,"valley_depth,relief,settlement",False,-1,False,34813.50254296606,347.0,308.0,393.0,85.0,347,78.79441582373875,11.548584332175603
348,1845,4116,1.0,2.1224489212036133,3.06802749633789,5.0,4.0,5.0,4.0249433517456055,5.0,4.0,2.0,1.0,3.0,3.054421901702881,5.0,3.4586496353149414,0.5815640091896057,3.4586496353149414,Very High,6.375913143157959,257985.0,1270425.0,,True,foundation_perm,False,"valley_depth,relief",False,-1,False,39419.8707074976,348.0,284.0,415.0,131.0,348,78.78145034373698,11.483958337684369
349,604,3663,4.015872955322266,2.18367338180542,4.433106899261475,5.0,3.0,5.0,3.0,3.548752784729004,4.653061389923096,2.0,1.5937539339065552,5.0,4.433106899261475,4.0,3.458324193954468,0.5849629044532776,3.458324193954468,Very High,90.75131225585938,244395.0,1307655.0,,True,foundation_perm,False,valley_depth,False,-1,False,10242.031052470558,349.0,315.0,389.0,74.0,349,78.65411977535467,11.81939452814265
350,1823,3934,3.278911590576172,3.0,3.172335624694824,5.0,4.0,5.0,1.1360543966293335,5.0,4.265305995941162,1.5170068740844729,1.199629306793213,1.7437641620635986,3.083899974822998,5.0,3.458291530609131,0.5868586301803589,3.458291530609131,Very High,36.7319221496582,252525.0,1271085.0,catchment_area,False,foundation_perm,False,"valley_depth,roads",False,-1,False,35985.98211170021,350.0,311.0,395.0,84.0,350,78.73137791495711,11.489537625843075
351,1841,4007,1.0,3.0,3.217687129974365,5.0,4.0,5.0,2.4784579277038574,5.0,4.306122303009033,1.927437663078308,1.0217353105545044,2.0,3.217687129974365,5.0,3.4576575756073,0.5825938582420349,3.4576575756073,Very High,12.349457740783691,254715.0,1270545.0,catchment_area,False,foundation_perm,False,"valley_depth,relief",False,-1,False,37539.75011037854,351.0,309.0,402.0,93.0,351,78.75148167096036,11.484813281551649
352,1692,4078,1.0,1.8775510787963867,3.206349372863769,5.0,4.0,5.0,1.3310657739639282,5.0,4.428571224212647,2.0,1.0405590534210205,5.0,3.1972787380218506,5.0,3.457496404647827,0.5872985124588013,3.457496404647827,Very High,14.929452896118164,256845.0,1275015.0,,True,foundation_perm,False,"valley_depth,relief,settlement,roads",False,-1,False,35045.24101761304,352.0,285.0,419.0,134.0,352,78.7706789534106,11.52535766576908
353,1942,3226,3.40816330909729,2.0,3.324262857437134,5.0,3.59183669090271,5.0,3.0,5.0,4.081632614135742,2.0,2.773611307144165,1.0,3.324262857437134,3.0,3.457031011581421,0.5824137330055237,3.457031011581421,Very High,252.464599609375,231285.0,1267515.0,catchment_area,False,foundation_perm,False,valley_depth,False,-1,False,35465.70035263198,353.0,274.0,437.0,163.0,353,78.53706950378199,11.455702155288227
354,1529,3724,1.0,2.0,2.775510311126709,5.0,4.0,5.0,3.0,5.0,4.36734676361084,2.0,1.242344617843628,4.0,2.775510311126709,5.0,3.456338405609131,0.5869467854499817,3.456338405609131,Very High,42.586544036865234,246225.0,1279905.0,"streamflow,dependable_yield",False,foundation_perm,False,"valley_depth,relief",False,-1,False,25266.974353396723,354.0,320.0,394.0,74.0,354,78.67300183421825,11.568781814989359
355,554,1683,2.0,4.0,3.383220195770264,5.0,4.0,4.0,5.0,5.0,4.142857074737549,2.0,1.1589620113372805,5.0,3.7142856121063232,4.0,3.455505132675171,0.5813438296318054,3.455505132675171,Very High,31.157974243164062,184995.0,1309155.0,,True,foundation_perm,False,"valley_depth,relief",False,-1,False,29845.83158511922,355.0,283.0,441.0,158.0,355,78.10925794435676,11.827917129995143
356,628,936,2.0,1.4489796161651611,2.8888888359069824,5.0,4.0,5.0,3.0,5.0,4.122448921203613,2.0,1.1479307413101196,3.0,3.494330883026123,5.0,3.453531503677368,0.5790196657180786,3.453531503677368,Very High,29.646005630493164,162585.0,1306935.0,streamflow,False,foundation_perm,False,"valley_depth,relief,settlement",False,-1,False,11640.687746065376,356.0,308.0,405.0,97.0,356,77.90403382038012,11.805700864006653
357,551,1180,1.927437663078308,1.5510203838348389,3.961451292037964,5.0,4.0,4.0,3.0,5.0,4.081632614135742,2.0,1.4849979877471924,3.6190474033355713,4.299319744110107,5.0,3.453395128250122,0.5882391929626465,3.453395128250122,Very High,75.84504699707031,169905.0,1309245.0,,True,foundation_perm,False,"valley_depth,relief,settlement",False,-1,False,15647.676559272068,357.0,306.0,423.0,117.0,357,77.97090303132815,11.827285581016094
358,1329,1214,2.0,1.4489796161651611,3.8888888359069824,5.0,4.0,4.0,3.403627872467041,5.0,4.285714149475098,1.913832187652588,1.139518976211548,4.0,4.124716758728027,4.0,3.4531891345977783,0.5863244533538818,3.4531891345977783,Very High,28.49306869506836,170925.0,1285905.0,,True,foundation_perm,False,"valley_depth,relief,settlement",False,-1,False,34087.963370468126,358.0,338.0,384.0,46.0,358,77.98254544313592,11.616603236619017
359,2208,3590,4.394557952880859,3.0,3.142857074737549,5.0,4.0,5.0,1.0,3.675737142562866,4.163265228271484,1.0,3.898038387298584,5.0,3.19274377822876,4.0,3.4529411792755127,0.5684033632278442,3.4529411792755127,Very High,406.5804748535156,242205.0,1259535.0,,True,foundation_perm,False,roads,False,-1,False,43736.256318969055,359.0,272.0,454.0,182.0,359,78.63769423654566,11.38442055555473
360,1336,3524,1.0,2.7142856121063232,2.671201705932617,5.0,4.0,5.0,4.151927947998047,5.0,4.18367338180542,2.0,1.0482004880905151,3.0,2.659863948822021,4.0,3.451770067214966,0.5838662981987,3.451770067214966,Very High,15.976821899414062,240225.0,1285695.0,"streamflow,dependable_yield",False,foundation_perm,False,"valley_depth,relief",False,-1,False,17712.299639329813,360.0,303.0,429.0,126.0,360,78.61757374261761,11.620651935738808
361,1641,2998,3.4739229679107666,3.0,2.3922901153564453,5.0,4.0,5.0,4.687075138092041,5.0,4.244897842407227,2.0,2.413010835647583,4.2562360763549805,2.383219718933105,2.0,3.451310873031616,0.5826476216316223,3.451310873031616,Very High,203.04005432128903,224445.0,1276545.0,"streamflow,dependable_yield,runoff",False,foundation_perm,False,valley_depth,False,-1,False,27563.874501404192,361.0,349.0,388.0,39.0,361,78.47369154672737,11.53675231177101
362,834,540,3.18367338180542,1.7142857313156128,2.818594217300415,5.0,4.0,5.0,1.548752784729004,4.773242473602295,4.387754917144775,2.0,4.132991313934326,4.537415027618408,2.954648733139038,3.0,3.451286554336548,0.5882569551467896,3.451286554336548,Very High,438.7835998535156,150705.0,1300755.0,"streamflow,dependable_yield",False,foundation_perm,False,"settlement,roads",False,-1,False,16732.230782566443,362.0,318.0,419.0,101.0,362,77.79579266060253,11.748691821642293
363,694,1020,1.6167800426483154,1.6122448444366455,3.190476179122925,5.0,4.0,4.612245082855225,1.163265347480774,5.0,4.387754917144775,2.0,1.1371641159057615,2.024943351745605,3.673469305038452,5.0,3.4508066177368164,0.5856974124908447,3.4508066177368164,Very High,28.170318603515625,165105.0,1304955.0,catchment_area,False,foundation_perm,False,"valley_depth,relief,settlement,roads",False,-1,False,14722.829694211818,363.0,314.0,416.0,102.0,363,77.92733205423502,11.788071491959478
364,1614,3827,1.0,3.0,3.319727897644043,5.0,4.0,5.0,3.0,5.0,4.408163070678711,2.0,1.0523550510406494,4.0,3.319727897644043,5.0,3.450450897216797,0.5840903520584106,3.450450897216797,Very High,16.546234130859375,249315.0,1277355.0,,True,foundation_perm,False,"valley_depth,relief",False,-1,False,28944.26510789792,364.0,313.0,414.0,101.0,364,78.70150761442024,11.545965298661034
365,1344,713,1.0,1.9795918464660645,3.1065762042999268,5.0,4.0,5.0,3.0,5.0,4.163265228271484,2.0,1.1642266511917114,2.2154195308685303,3.167800188064575,2.0,3.450140953063965,0.5780466794967651,3.450140953063965,Very High,31.879566192626957,155895.0,1285455.0,"catchment_area,runoff",False,foundation_perm,False,"valley_depth,relief,settlement",False,-1,False,31142.043828295577,365.0,328.0,413.0,85.0,365,77.84491617455517,11.61106627532349
366,1145,1128,1.9841269254684448,1.0816326141357422,2.9410431385040283,5.0,4.0,4.0,1.213151931762695,5.0,4.204081535339356,2.0,1.262366771697998,2.0,3.4671201705932617,5.0,3.4500534534454346,0.582305371761322,3.4500534534454346,Very High,45.330814361572266,168345.0,1291425.0,"catchment_area,streamflow",False,foundation_perm,False,"valley_depth,relief,settlement,roads",False,-1,False,27995.411782425803,366.0,315.0,418.0,103.0,366,77.95836911138836,11.666204954865183
367,457,1336,1.882086157798767,2.9387755393981934,3.6916098594665527,5.0,4.0,4.0,3.0,5.0,4.387754917144775,2.0,1.3197455406188965,2.0,4.145124912261963,5.0,3.448737859725952,0.5839574933052063,3.448737859725952,Very High,53.19526290893555,174585.0,1312065.0,catchment_area,False,foundation_perm,False,"valley_depth,relief",False,-1,False,19040.34523894486,367.0,350.0,393.0,43.0,367,78.01353095657798,11.85320854176742
368,1026,1090,1.0,2.0,3.845804929733277,5.0,4.0,4.0,1.6938775777816772,5.0,4.530612468719482,2.0,1.1044158935546875,4.0,4.2131524085998535,5.0,3.4480464458465576,0.5867156386375427,3.4480464458465576,Very High,23.681781768798828,167205.0,1294995.0,,True,foundation_perm,False,"valley_depth,relief,roads",False,-1,False,24292.512714408644,368.0,329.0,422.0,93.0,368,77.9475712571106,11.69833367473668
369,416,170,4.893424034118652,1.8163264989852903,2.841269969940185,5.0,4.0,5.0,2.2018139362335205,5.0,4.530612468719482,1.0,2.7645010948181152,3.916099786758423,2.8503401279449463,2.0,3.4473557472229004,0.5569899678230286,3.4473557472229004,Very High,251.21592712402344,139605.0,1313295.0,"streamflow,dependable_yield,runoff",False,foundation_perm,False,"valley_depth,settlement",False,-1,False,16814.03358138565,369.0,285.0,472.0,187.0,369,77.69272672719421,11.860746936556065
370,2001,4231,1.0,3.0,3.3194830417633057,5.0,4.0,5.0,3.0,4.910394191741943,4.032258033752441,1.9641577005386357,1.0001660585403442,3.0,3.3194830417633057,5.0,3.44710636138916,0.5832160115242004,3.44710636138916,Very High,7.223687648773193,261435.0,1265745.0,,True,foundation_perm,False,"valley_depth,relief",False,-1,False,45232.4277827202,370.0,299.0,456.0,157.0,370,78.81338567219075,11.441903477220274
371,375,691,4.460317611694336,4.0,2.555555582046509,5.0,4.0,5.0,5.0,5.0,4.0,1.0,1.901999592781067,4.0,2.682539701461792,3.0,3.4470343589782715,0.5504547953605652,3.4470343589782715,Very High,133.0,155235.0,1314525.0,"streamflow,dependable_yield",False,foundation_perm,False,valley_depth,False,-1,False,2241.6022677762558,371.0,272.0,467.0,195.0,371,77.83587560642701,11.873493245600748
372,663,921,2.0,1.795918345451355,3.011337995529175,5.0,4.0,5.0,2.310657501220703,5.0,4.428571224212647,2.0,1.1104378700256348,3.0,3.598639249801636,5.0,3.446366310119629,0.5823953151702881,3.446366310119629,Very High,24.50718307495117,162135.0,1305885.0,,True,foundation_perm,False,"valley_depth,relief,settlement",False,-1,False,12298.603870770448,372.0,312.0,434.0,122.0,372,77.90001564720367,11.796174157553878
373,426,1546,4.786848068237305,2.18367338180542,3.3310656547546387,5.0,4.0,4.0,3.0,5.0,4.653061389923096,1.0,2.319023370742798,3.0,3.818594217300415,4.0,3.44629454612732,0.5603700876235962,3.44629454612732,Very High,190.157958984375,180885.0,1312995.0,,True,foundation_perm,False,valley_depth,False,-1,False,25053.470351989134,373.0,325.0,430.0,105.0,373,78.07120571815088,11.862211765444815
374,779,1710,1.0,3.0,2.9909298419952397,5.0,4.0,4.0,2.2199547290802,5.0,4.224489688873291,1.8299319744110107,1.1044397354125977,4.0,3.460317611694336,4.539682865142822,3.445978164672852,0.5859974026679993,3.445978164672852,Very High,23.68505859375,185805.0,1302405.0,streamflow,False,foundation_perm,False,"valley_depth,relief",False,-1,False,32928.32761719996,374.0,344.0,409.0,65.0,374,78.1173217454104,11.767026759762977
375,612,753,2.0,2.0,3.3968253135681152,5.0,4.0,5.0,4.99092960357666,5.0,4.591836929321289,2.0,1.1614859104156494,1.0,3.716553449630737,4.0,3.445878505706787,0.5761334896087646,3.445878505706787,Very High,31.50390625,157095.0,1307415.0,catchment_area,False,foundation_perm,False,"valley_depth,relief",False,-1,False,9236.074064245351,375.0,325.0,432.0,107.0,375,77.8536632401976,11.809482109025138
376,1754,3942,1.0,4.0,3.136054515838623,5.0,4.0,5.0,3.0,5.0,4.36734676361084,2.0,1.0026911497116089,1.163265347480774,3.0272107124328613,5.0,3.4456875324249268,0.5762248635292053,3.4456875324249268,Very High,8.863693237304688,252765.0,1273155.0,catchment_area,False,foundation_perm,False,"valley_depth,relief",False,-1,False,34300.10095763872,376.0,317.0,436.0,119.0,376,78.73342716920656,11.508260461712968
377,981,1860,4.625850200653076,2.081632614135742,3.0566892623901367,4.0,4.0,4.0,4.532879829406738,5.0,4.510204315185547,2.0,2.7049622535705566,2.0,3.133786678314209,4.0,3.44495701789856,0.5646626353263855,3.44495701789856,Very High,243.055419921875,190305.0,1296345.0,catchment_area,False,foundation_perm,False,valley_depth,False,-1,False,30786.54790214353,377.0,329.0,435.0,106.0,377,78.15913356743856,11.712705015855214
378,1787,3599,1.0,1.4489796161651611,2.3968255519866943,5.0,4.0,5.0,4.845805168151856,5.0,4.142857074737549,2.0,1.5401086807250977,5.0,2.3854875564575195,5.0,3.444678544998169,0.5828691720962524,3.444678544998169,Very High,83.39859008789062,242475.0,1272165.0,"streamflow,dependable_yield",False,foundation_perm,False,"valley_depth,relief,settlement",False,-1,False,31380.87569979437,378.0,346.0,408.0,62.0,378,78.63922098438411,11.49856532705291
379,1381,3992,1.0,4.0,3.215419292449951,5.0,4.0,5.0,2.7823128700256348,5.0,4.489795684814453,2.0,1.0306637287139893,2.0,3.215419292449951,5.0,3.4446520805358887,0.5782169699668884,3.4446520805358887,Very High,13.573192596435549,254265.0,1284345.0,catchment_area,False,foundation_perm,False,"valley_depth,relief",False,-1,False,26342.28730351537,379.0,326.0,441.0,115.0,379,78.74636274152984,11.609487070355453
380,1845,3396,5.0,2.142857074737549,3.324262857437134,5.0,4.0,5.0,2.854875326156616,4.283446788787842,3.755102157592773,2.0,2.6094913482666016,2.0,3.3877551555633545,4.0,3.444640874862671,0.5844299793243408,3.444640874862671,Very High,229.97000122070312,236385.0,1270425.0,catchment_area,False,foundation_perm,False,valley_depth,False,-1,False,32329.80285011156,380.0,331.0,430.0,99.0,380,78.58356106510126,11.482385773018525
381,554,1348,2.0,3.81632661819458,3.587301731109619,5.0,4.0,4.0,1.2539682388305664,5.0,4.408163070678711,1.965986251831055,1.2215577363967896,2.0,3.98185920715332,5.0,3.444016456604004,0.5832588076591492,3.444016456604004,Very High,39.73746490478516,174945.0,1309155.0,catchment_area,False,foundation_perm,False,"valley_depth,relief,roads",False,-1,False,20268.706870110997,381.0,365.0,407.0,42.0,381,78.01711696306818,11.826962689544834
382,770,2842,4.0,2.755102157592773,2.800453424453736,5.0,4.0,4.0,3.131519317626953,5.0,4.530612468719482,2.0,4.613059520721436,4.997732162475586,2.1496598720550537,1.0,3.443754911422729,0.585935115814209,3.443754911422729,Very High,504.58245849609375,219765.0,1302675.0,"streamflow,dependable_yield,runoff",False,foundation_perm,False,,True,-1,False,1177.9720415483346,382.0,255.0,493.0,238.0,382,78.42864303607519,11.77244627242214
383,1475,3955,1.117913842201233,1.9387755393981931,3.181405782699585,5.0,4.0,5.0,2.092970609664917,5.0,4.285714149475098,2.0,1.016718864440918,3.0,3.181405782699585,5.0,3.441071033477783,0.581597626209259,3.441071033477783,Very High,11.661880493164062,253155.0,1281525.0,,True,foundation_perm,False,"valley_depth,relief,settlement",False,-1,False,27658.437907354764,383.0,319.0,460.0,141.0,383,78.73639384622854,11.583924405862492
384,693,967,2.0,1.5102040767669678,2.800453424453736,5.0,4.0,5.0,2.8276641368865967,5.0,4.775510311126709,2.0,1.0582060813903809,2.287981986999512,3.3514740467071533,5.0,3.4410228729248047,0.580096423625946,3.4410228729248047,Very High,17.34819984436035,163515.0,1304985.0,"catchment_area,streamflow",False,foundation_perm,False,"valley_depth,relief,settlement",False,-1,False,13781.510691239328,384.0,324.0,452.0,128.0,384,77.91275550468231,11.788184567565937
385,530,638,1.0,4.0,3.1950113773345947,5.0,4.0,5.0,5.0,5.0,4.0,1.0,2.069502115249634,3.997732400894165,3.326530694961548,3.0,3.439509153366089,0.5539157390594482,3.439509153366089,Very High,155.9581756591797,153645.0,1309875.0,,True,foundation_perm,False,"valley_depth,relief",False,-1,False,7152.9027183142925,385.0,341.0,460.0,119.0,385,77.82178503480854,11.83134247074676
386,1021,1362,1.0,1.9795918464660645,3.598639249801636,5.0,4.0,4.0,2.58730149269104,5.0,4.163265228271484,2.0,1.224252700805664,3.403627872467041,3.900226831436157,5.0,3.438976287841797,0.5858250260353088,3.438976287841797,Very High,40.10683059692383,175365.0,1295145.0,,True,foundation_perm,False,"valley_depth,relief,settlement",False,-1,False,28837.863641521635,386.0,366.0,434.0,68.0,386,78.02232962967817,11.700475412132752
387,1416,2629,5.0,3.0,3.043083906173706,5.0,3.775510311126709,4.0,4.605442047119141,4.165533065795898,4.18367338180542,2.0,2.5414507389068604,3.0,2.8458049297332764,2.0,3.438605308532715,0.575023889541626,3.438605308532715,Very High,220.64422607421875,213375.0,1283295.0,"dependable_yield,runoff",False,foundation_perm,False,valley_depth,False,-1,False,21583.25469087201,387.0,351.0,436.0,85.0,387,78.37170482706473,11.596832205266047
388,1160,1198,1.0,1.4285714626312256,3.535147428512573,5.0,4.0,4.0,1.707482933998108,5.0,4.387754917144775,2.0,1.0703108310699463,2.0,3.931972980499268,5.0,3.438601493835449,0.5743733644485474,3.438601493835449,Very High,19.007305145263672,170445.0,1290975.0,catchment_area,False,foundation_perm,False,"valley_depth,relief,settlement,roads",False,-1,False,29367.900609870223,388.0,358.0,435.0,77.0,388,77.97765360419258,11.662344161189875
389,466,1835,3.7052154541015625,1.6122448444366455,2.417233467102051,5.0,4.0,4.0,2.7097504138946533,5.0,4.326530456542969,2.0,3.099766969680786,3.0317461490631104,2.585033893585205,4.0,3.438204526901245,0.5880509614944458,3.438204526901245,Very High,297.1680603027344,189555.0,1311795.0,"streamflow,dependable_yield",False,foundation_perm,False,settlement,False,-1,False,31658.168423861494,389.0,314.0,478.0,164.0,389,78.15082060726024,11.852185464141245
390,1419,4037,1.0,1.7346938848495483,3.1043083667755127,5.0,4.0,5.0,2.818594217300415,5.0,4.285714149475098,2.0,1.0230993032455444,2.0,3.092970609664917,5.0,3.4380130767822266,0.5787073969841003,3.4380130767822266,Very High,12.514488220214844,255615.0,1283205.0,catchment_area,False,foundation_perm,False,"valley_depth,relief,settlement",False,-1,False,28104.97025846027,390.0,350.0,443.0,93.0,390,78.75881923395451,11.599281608520695
391,1239,1505,2.0,2.061224460601806,2.764172315597534,5.0,4.0,4.0,2.324263095855713,5.0,4.448979377746582,2.0,2.475181818008423,5.0,3.1519274711608887,4.0,3.437939167022705,0.5875425934791565,3.437939167022705,Very High,211.56134033203125,179655.0,1288605.0,streamflow,False,foundation_perm,False,"valley_depth,relief",False,-1,False,36588.89617416733,391.0,348.0,443.0,95.0,391,78.06226490506509,11.641814543988321
392,527,1328,1.9818594455718996,3.0,3.764172554016113,5.0,4.0,4.0,1.4489796161651611,5.0,4.408163070678711,1.7142857313156128,1.5505094528198242,1.6485261917114258,4.145124435424805,5.0,3.4376978874206543,0.58381187915802,3.4376978874206543,Very High,84.82414245605469,174345.0,1309965.0,catchment_area,False,foundation_perm,False,"valley_depth,relief,roads",False,-1,False,19420.54459549733,392.0,367.0,436.0,69.0,392,78.01153678033182,11.834219971983643
393,1101,1039,1.859410285949707,1.6938775777816772,3.961451292037964,5.0,4.0,4.0,2.8820862770080566,5.0,4.510204315185547,2.0,1.131103515625,4.0,4.2947845458984375,5.0,3.4375112056732178,0.5826848149299622,3.4375112056732178,Very High,27.33963203430176,165675.0,1292745.0,,True,foundation_perm,False,"valley_depth,relief,settlement",False,-1,False,25704.656680978464,393.0,348.0,452.0,104.0,393,77.93377567463081,11.67786518518434
394,1697,3632,1.0,1.6326531171798706,2.8344669342041016,5.0,4.0,5.0,2.736961603164673,5.0,4.285714149475098,2.0,1.4572882652282717,2.2539682388305664,2.7392289638519287,5.0,3.4374477863311768,0.5818252563476562,3.4374477863311768,Very High,72.047119140625,243465.0,1274865.0,"catchment_area,streamflow,dependable_yield",False,foundation_perm,False,"valley_depth,relief,settlement",False,-1,False,29015.75647794735,394.0,352.0,444.0,92.0,394,78.64808840979349,11.523035988957346
395,311,1033,2.0,1.6734694242477417,3.6530609130859375,5.0,4.0,5.0,3.0,5.0,4.693877696990967,2.0,1.131425142288208,4.0,4.081632614135742,4.0,3.4373176097869877,0.583319902420044,3.4373176097869877,Very High,27.38372230529785,165495.0,1316445.0,,True,foundation_perm,False,"valley_depth,relief,settlement",False,-1,False,9404.487012964046,395.0,343.0,460.0,117.0,395,77.92974767890821,11.891869767860424
396,1066,1502,1.0,2.0,3.047618865966797,5.0,4.0,4.0,2.841269969940185,5.0,4.510204315185547,2.0,1.076461672782898,5.0,3.5691606998443604,5.0,3.437105655670166,0.5824289321899414,3.437105655670166,Very High,19.850339889526367,179565.0,1293795.0,,True,foundation_perm,False,"valley_depth,relief",False,-1,False,32724.595800581672,396.0,331.0,472.0,141.0,396,78.0609466832153,11.688680297651986
397,1691,4289,1.0,2.265306234359741,3.2018139362335205,5.0,4.0,5.0,3.0,5.0,4.387754917144775,2.0,1.047439455986023,2.7097504138946533,3.1904757022857666,5.0,3.436619520187378,0.5831747055053711,3.436619520187378,Very High,15.87251091003418,263175.0,1275045.0,catchment_area,False,foundation_perm,False,"valley_depth,relief",False,-1,False,39216.71991589887,397.0,344.0,451.0,107.0,397,78.8286828364378,11.52606793197222
398,1828,3770,1.0,2.5714285373687744,2.96371865272522,5.0,4.0,5.0,4.469387531280518,5.0,4.387754917144775,2.0,1.023777723312378,3.0,2.687074661254883,5.0,3.436598062515259,0.5751643180847168,3.436598062515259,Very High,12.629377365112305,247605.0,1270935.0,"streamflow,dependable_yield",False,foundation_perm,False,"valley_depth,relief",False,-1,False,34063.14556531475,398.0,347.0,467.0,120.0,398,78.68631235235078,11.487827866950513
399,746,796,4.582766532897949,1.755102038383484,3.390022754669189,5.0,4.0,5.0,2.9909298419952397,4.17460298538208,4.346938610076904,1.0,4.305852890014648,3.0,3.816326856613159,4.0,3.436593770980835,0.5592285394668579,3.436593770980835,Very High,462.4761962890625,158385.0,1303395.0,,True,foundation_perm,False,settlement,False,-1,False,13399.128014753678,399.0,341.0,465.0,124.0,399,77.86589957883623,11.773312678354033
400,1025,3490,4.553287982940674,1.7142857313156128,2.947845697402954,5.0,3.0,5.0,2.8911561965942383,1.0,4.551020622253418,2.0,3.491663694381714,5.0,2.963718891143799,4.0,3.435694932937622,0.5774708986282349,3.435694932937622,Very High,350.8820495605469,239205.0,1295025.0,"streamflow,dependable_yield",False,foundation_perm,False,"valley_width,settlement",False,-1,False,8598.23886024567,400.0,355.0,450.0,95.0,400,78.60750261436816,11.704877360845913
401,263,1693,4.671201705932617,4.0,2.680272102355957,5.0,4.0,4.0,1.2902494668960571,5.0,4.122448921203613,1.8707484006881716,3.6004269123077397,2.0,2.922902584075928,4.0,3.435619354248047,0.5813853144645691,3.435619354248047,Very High,365.7893676757813,185295.0,1317885.0,"catchment_area,streamflow,dependable_yield",False,foundation_perm,False,roads,False,-1,False,29231.68295378677,401.0,359.0,445.0,86.0,401,78.11117789749335,11.906793751701752
402,1758,3472,3.5192742347717285,1.6122448444366455,2.580498695373535,5.0,4.0,5.0,3.0,5.0,4.061224460601807,2.0,2.0886106491088867,4.0,2.5691609382629395,4.0,3.435584545135498,0.5902665853500366,3.435584545135498,Very High,158.5772247314453,238665.0,1273035.0,"streamflow,dependable_yield",False,foundation_perm,False,"valley_depth,settlement",False,-1,False,29882.95710449777,402.0,345.0,455.0,110.0,402,78.604248651839,11.5061414065068
403,1235,3183,1.0,2.4285714626312256,2.269841194152832,5.0,4.0,5.0,4.482993125915527,5.0,4.63265323638916,2.0,1.0496454238891602,2.863945484161377,1.9886621236801147,2.0,3.43457293510437,0.5739291310310364,3.43457293510437,Very High,16.174854278564453,229995.0,1288725.0,"catchment_area,streamflow,dependable_yield,runoff",False,foundation_perm,False,"valley_depth,relief",False,-1,False,15024.548605252436,403.0,342.0,469.0,127.0,403,78.52357104156891,11.647238474011436
404,754,1765,2.0,4.0,3.1519274711608887,5.0,4.0,4.0,2.841269969940185,5.0,4.408163070678711,1.97278904914856,1.1639013290405271,3.0,3.2517006397247314,4.0,3.434330940246582,0.5805489420890808,3.434330940246582,Very High,31.83496856689453,187455.0,1303155.0,,True,foundation_perm,False,"valley_depth,relief",False,-1,False,32731.92031856251,404.0,366.0,450.0,84.0,404,78.13237664389338,11.773953503166345
405,392,1401,2.0,3.0,2.854875326156616,5.0,4.0,4.0,3.0,5.0,4.530612468719482,2.0,1.5896142721176147,2.181406021118164,3.451247215270996,5.0,3.433931589126587,0.5832173228263855,3.433931589126587,Very High,90.18392181396484,176535.0,1314015.0,"catchment_area,streamflow",False,foundation_perm,False,"valley_depth,relief",False,-1,False,20605.604679302516,405.0,391.0,427.0,36.0,405,78.03121947358053,11.871007665498286
406,1402,3932,1.0,2.7959184646606445,3.097505569458008,5.0,4.0,5.0,1.684807300567627,5.0,4.36734676361084,2.0,1.0608162879943848,1.0,3.3424034118652344,5.0,3.433804035186768,0.5783368945121765,3.433804035186768,Very High,17.705970764160156,252465.0,1283715.0,catchment_area,False,foundation_perm,False,"valley_depth,relief,roads",False,-1,False,25550.93525232595,406.0,360.0,453.0,93.0,406,78.72990999374584,11.603664788380229
407,1696,3727,1.0,3.0,2.598639488220215,5.0,4.0,5.0,2.9682538509368896,5.0,4.18367338180542,2.0,1.041139841079712,3.0,2.594104290008545,5.0,3.4333980083465576,0.5848172307014465,3.4333980083465576,Very High,15.00907039642334,246315.0,1274895.0,"streamflow,dependable_yield",False,foundation_perm,False,"valley_depth,relief",False,-1,False,29904.55625636976,407.0,357.0,460.0,103.0,407,78.67419986729301,11.52351719564323
408,20,2012,1.9734299182891848,1.8478261232376096,2.021014451980591,5.0,4.0,4.0,3.0,4.975845336914063,4.39130449295044,1.0,1.5986303091049194,3.0,2.035507202148437,3.0,3.433135986328125,0.5497755408287048,3.433135986328125,Very High,91.419677734375,194865.0,1325175.0,"streamflow,dependable_yield",False,foundation_perm,False,"valley_depth,relief,settlement",False,-1,False,33147.726371570425,408.0,352.0,465.0,113.0,408,78.1982737615587,11.973527343164019
409,2069,3248,5.0,4.0,3.0204081535339355,5.0,3.8775510787963863,5.0,5.0,1.0,4.387754917144775,2.0,4.224991798400879,4.0,3.0204081535339355,3.0,3.432861566543579,0.5768030285835266,3.432861566543579,Very High,451.3932495117188,231945.0,1263705.0,,True,foundation_perm,False,valley_width,False,-1,False,39188.5009011383,409.0,360.0,476.0,116.0,409,78.54341183449401,11.421328251094165
410,1479,3559,1.0,2.734693765640259,2.544217586517334,5.0,4.0,5.0,3.0,5.0,4.408163070678711,2.0,1.0580793619155884,2.0,2.537415027618408,4.0,3.43280291557312,0.5743194222450256,3.43280291557312,Very High,17.330814361572266,241275.0,1281405.0,"catchment_area,streamflow,dependable_yield",False,foundation_perm,False,"valley_depth,relief",False,-1,False,22126.72311913805,410.0,338.0,473.0,135.0,410,78.6275252555766,11.581967539248902
411,1740,3736,1.0,2.836734771728516,2.6961452960968018,5.0,4.0,5.0,2.7142856121063232,5.0,4.163265228271484,2.0,1.0140221118927002,4.0,2.689342498779297,5.0,3.43255877494812,0.5828259587287903,3.43255877494812,Very High,11.281683921813965,246585.0,1273575.0,"streamflow,dependable_yield",False,foundation_perm,False,"valley_depth,relief",False,-1,False,31232.961155975117,411.0,354.0,476.0,122.0,411,78.67677180127194,11.511609181121464
412,779,3216,2.0,3.0,2.310657501220703,5.0,4.0,5.0,2.950113296508789,5.0,4.428571224212647,2.0,3.431875228881836,5.0,2.1700680255889893,2.0,3.4322519302368164,0.5841531753540039,3.4322519302368164,Very High,342.6872863769531,230985.0,1302405.0,"streamflow,dependable_yield,runoff",False,foundation_perm,False,relief,False,-1,False,4436.974735627949,412.0,348.0,470.0,122.0,412,78.53154821768456,11.770917041685836
413,1859,3735,1.0,4.0,3.0634920597076416,5.0,4.0,5.0,4.7052154541015625,5.0,4.306122303009033,1.659863829612732,1.7926957607269287,5.0,3.045351505279541,5.0,3.4320201873779297,0.5815529227256775,3.4320201873779297,Very High,118.01864624023438,246555.0,1270005.0,,True,foundation_perm,False,"valley_depth,relief",False,-1,False,34580.51137782595,413.0,359.0,462.0,103.0,413,78.67676140022256,11.47934766276736
414,569,687,3.845804929733277,3.0,3.662131547927856,5.0,4.0,5.0,5.0,5.0,4.387754917144775,2.0,1.72294020652771,2.0,3.8888888359069824,3.684807300567627,3.431934356689453,0.5758078098297119,3.431934356689453,Very High,108.45780181884766,155115.0,1308705.0,catchment_area,False,foundation_perm,False,valley_depth,False,-1,False,7951.638409087322,414.0,356.0,465.0,109.0,414,77.83538113158288,11.820928612777772
415,1324,3429,1.0,3.081632614135742,2.507936477661133,5.0,4.0,5.0,2.8049886226654053,5.0,4.510204315185547,2.0,1.0211195945739746,2.9909298419952397,2.501133918762207,4.0,3.4314870834350586,0.576707124710083,3.4314870834350586,Very High,12.251700401306152,237375.0,1286055.0,"catchment_area,streamflow,dependable_yield",False,foundation_perm,False,"valley_depth,relief",False,-1,False,16800.468384190393,415.0,368.0,467.0,99.0,415,78.59142413601701,11.623687748784569
416,2069,4113,1.0,2.040816307067871,3.777777910232544,5.0,4.0,5.0,3.0,5.0,4.387754917144775,2.0,1.0173070430755615,2.0,3.814059257507324,5.0,3.4313111305236816,0.5768129825592041,3.4313111305236816,Very High,11.696144104003906,257895.0,1263705.0,catchment_area,False,foundation_perm,False,"valley_depth,relief",False,-1,False,45048.23758753557,416.0,367.0,470.0,103.0,416,78.78109947274528,11.423224048649997
417,283,1053,1.9876543283462524,1.2222222089767456,3.194444417953491,5.0,4.0,5.0,3.0,4.969135761260986,4.361111164093018,1.8302468061447144,1.4961695671081543,1.0,3.74699068069458,4.0,3.431199073791504,0.5723280310630798,3.431199073791504,Very High,77.37622833251953,166095.0,1317285.0,catchment_area,False,foundation_perm,False,"valley_depth,relief,settlement",False,-1,False,10026.939103971794,417.0,366.0,474.0,108.0,417,77.93516425333533,11.899515170981836
418,871,3538,4.496598720550537,3.0,3.9206347465515137,5.0,3.0,5.0,2.859410524368286,1.0,2.857142925262451,2.0,3.1928629875183105,5.0,3.8730156421661377,4.0,3.4307026863098145,0.5779406428337097,3.4307026863098145,Very High,309.9279479980469,240645.0,1299645.0,,True,foundation_perm,False,"valley_width,slope",False,-1,False,6082.105565433764,418.0,369.0,465.0,96.0,418,78.62034726215015,11.746732351491305
419,1767,3133,4.859410285949707,3.918367385864258,2.272108793258667,5.0,4.0,5.0,5.0,3.3582763671875,4.469387531280518,2.0,3.3000214099884038,3.777777910232544,2.3809523582458496,2.0,3.4305992126464844,0.5788373947143555,3.4305992126464844,Very High,324.6152648925781,228495.0,1272765.0,"streamflow,dependable_yield,runoff",False,foundation_perm,False,valley_width,False,-1,False,30762.19784209658,419.0,351.0,479.0,128.0,419,78.51109826420009,11.502920134401313
420,1900,3805,4.852607727050781,4.0,2.959183692932129,5.0,4.0,5.0,5.0,5.0,4.387754917144775,1.0,2.858084201812744,2.5691609382629395,2.956916093826294,5.0,3.429885149002075,0.5567402839660645,3.429885149002075,Very High,264.0426025390625,248655.0,1268775.0,"catchment_area,streamflow,dependable_yield",False,foundation_perm,False,valley_depth,False,-1,False,36456.47922281847,420.0,364.0,481.0,117.0,420,78.69609062898836,11.468385520013479
421,702,1060,1.526077151298523,1.6326531171798706,3.585034132003784,5.0,4.0,4.0,3.0,5.0,4.122448921203613,1.0,1.1958775520324707,2.2154195308685303,3.839002132415772,5.0,3.4298667907714844,0.5571593046188354,3.4298667907714844,Very High,36.21768951416016,166305.0,1304715.0,catchment_area,False,foundation_perm,False,"valley_depth,relief,settlement",False,-1,False,15667.770738991983,421.0,367.0,477.0,110.0,421,77.93835511089996,11.786022790870657
422,421,1343,1.678004503250122,1.530612230300903,2.857142925262451,5.0,4.0,4.0,2.328798294067383,5.0,4.306122303009033,1.913832187652588,1.5058696269989014,2.0,3.4285714626312256,5.0,3.429795026779175,0.5793472528457642,3.429795026779175,Very High,78.70571899414062,174795.0,1313145.0,"catchment_area,streamflow",False,foundation_perm,False,"valley_depth,relief,settlement",False,-1,False,19019.057466436,422.0,385.0,453.0,68.0,422,78.01535029185023,11.862982485070585
423,1691,3872,1.0,2.061224460601806,2.8730156421661377,5.0,4.0,5.0,3.0,5.0,4.081632614135742,2.0,1.059369683265686,2.0,2.866213083267212,5.0,3.4293699264526367,0.5798503160476685,3.4293699264526367,Very High,17.5076847076416,250665.0,1275045.0,"catchment_area,streamflow,dependable_yield",False,foundation_perm,False,"valley_depth,relief",False,-1,False,31618.87908404425,423.0,371.0,473.0,102.0,423,78.71404765081866,11.52518886743967
424,497,1884,4.873015880584717,3.0,2.954648494720459,5.0,3.7142856121063232,4.0,2.2562358379364014,1.0,4.489795684814453,2.0,4.614557266235352,4.0,3.0702950954437256,3.0,3.429133892059326,0.5807877779006958,3.429133892059326,Very High,504.7878723144531,191025.0,1310865.0,streamflow,False,foundation_perm,False,valley_width,False,-1,False,30005.193052156254,424.0,370.0,461.0,91.0,424,78.16438701788928,11.84392078723145
425,685,671,3.564625740051269,1.3877551555633545,3.943310499191284,5.0,4.0,5.0,4.480725765228272,5.0,4.510204315185547,2.0,1.4147663116455078,3.0,4.054421901702881,4.0,3.4283347129821777,0.579910397529602,3.4283347129821777,Very High,66.21894073486328,154635.0,1305225.0,,True,foundation_perm,False,"valley_depth,settlement",False,-1,False,11464.3497957951,425.0,375.0,471.0,96.0,425,77.83134269476948,11.789456486075345
426,1290,867,1.1473922729492188,1.3469387292861938,3.1700680255889893,5.0,4.0,5.0,2.9818594455718994,5.0,4.142857074737549,2.0,1.215780258178711,1.0158730745315552,3.319727897644043,3.0,3.4278409481048584,0.5753484964370728,3.4278409481048584,Very High,38.945579528808594,160515.0,1287075.0,catchment_area,False,foundation_perm,False,"valley_depth,relief,settlement",False,-1,False,29850.95778322297,426.0,386.0,462.0,76.0,426,77.88707030270639,11.626154951105752
427,491,1593,1.8979592323303225,1.8775510787963867,3.775510311126709,5.0,4.0,4.0,3.0,5.0,4.102040767669678,2.0,1.2803374528884888,4.0,4.17006778717041,4.0,3.4268229007720947,0.5838652849197388,3.4268229007720947,Very High,47.79389953613281,182295.0,1311045.0,,True,foundation_perm,False,"valley_depth,relief,settlement",False,-1,False,26784.875202151263,427.0,360.0,485.0,125.0,427,78.08432183913568,11.844733582711488
428,1547,3633,5.0,1.6938775777816772,2.739229202270508,5.0,3.734693765640259,5.0,2.5782310962677,5.0,4.265305995941162,2.0,1.732763648033142,2.0,2.727890968322754,5.0,3.4265310764312744,0.5814472436904907,3.4265310764312744,Very High,109.80422973632812,243495.0,1279365.0,"catchment_area,streamflow,dependable_yield",False,foundation_perm,False,"valley_depth,settlement",False,-1,False,24734.03883490762,428.0,356.0,475.0,119.0,428,78.64802439838208,11.563700263207453
429,667,3586,4.0,3.979591846466065,3.718821287155152,5.0,3.0,5.0,2.0158729553222656,1.0,4.469387531280518,2.0,1.787583827972412,3.675737142562866,3.718821287155152,4.0,3.426450490951538,0.5744386315345764,3.426450490951538,Very High,117.3179702758789,242085.0,1305765.0,,True,foundation_perm,False,"valley_width,valley_depth",False,-1,False,7329.056908818507,429.0,379.0,483.0,104.0,429,78.63307840925049,11.802141036150642
430,1491,3188,2.0,3.0,2.544217586517334,5.0,4.0,5.0,2.736961603164673,5.0,4.224489688873291,2.0,2.1046621799468994,1.0,2.539682388305664,2.0,3.426152229309082,0.5789097547531128,3.426152229309082,Very High,160.7772674560547,230145.0,1281045.0,"catchment_area,streamflow,dependable_yield,runoff",False,foundation_perm,False,"valley_depth,relief",False,-1,False,22324.633138880818,430.0,339.0,487.0,148.0,430,78.5255582503695,11.577860383298434
431,1802,4095,1.0,3.979591846466065,3.326530694961548,5.0,4.0,5.0,2.442177057266236,5.0,4.122448921203613,2.0,1.0113106966018677,2.0,3.312925100326538,5.0,3.425934314727783,0.5766773223876953,3.425934314727783,Very High,10.8936767578125,257355.0,1271715.0,catchment_area,False,foundation_perm,False,"valley_depth,relief",False,-1,False,38002.22273238809,431.0,365.0,489.0,124.0,431,78.7755867206531,11.495571908190673
432,824,1516,1.972789168357849,2.673469305038452,3.630385160446167,5.0,4.0,4.0,2.3333332538604736,5.0,4.36734676361084,2.0,1.129654884338379,5.0,3.916099786758423,5.0,3.4258904457092285,0.5814544558525085,3.4258904457092285,Very High,27.141096115112305,179985.0,1301055.0,,True,foundation_perm,False,"valley_depth,relief",False,-1,False,28503.053552617515,432.0,364.0,488.0,124.0,432,78.06410225341301,11.754289315802527
433,1165,1447,1.0,3.0,3.4308390617370605,5.0,4.0,4.0,5.0,5.0,4.061224460601807,2.0,1.094066500663757,5.0,3.823129415512085,5.0,3.425252676010132,0.5789037346839905,3.425252676010132,Very High,22.26329040527344,177915.0,1290825.0,,True,foundation_perm,False,"valley_depth,relief",False,-1,False,33770.12341413414,433.0,343.0,495.0,152.0,433,78.04611096273894,11.661701333265011
434,860,1690,1.0,1.3265305757522583,3.181405782699585,5.0,4.0,4.0,2.496598720550537,5.0,4.224489688873291,2.0,1.1610887050628662,5.0,3.634921073913574,5.0,3.425226926803589,0.5827011466026306,3.425226926803589,Very High,31.449485778808597,185205.0,1299975.0,,True,foundation_perm,False,"valley_depth,relief,settlement",False,-1,False,33523.93251306665,434.0,395.0,469.0,74.0,434,78.11205069429897,11.74502333250551
435,785,1157,2.0,1.40816330909729,3.77097487449646,5.0,4.0,4.0,2.918367385864258,5.0,4.346938610076904,2.0,1.2592803239822388,1.9342405796051023,3.9818594455718994,5.0,3.424739122390747,0.5793099999427795,3.424739122390747,Very High,44.90778350830078,169215.0,1302225.0,catchment_area,False,foundation_perm,False,"valley_depth,relief,settlement",False,-1,False,19461.704518455248,435.0,397.0,464.0,67.0,435,77.96527494795743,11.76382203378292
436,1705,3823,1.5646257400512695,2.18367338180542,3.0680270195007324,5.0,4.0,5.0,2.446712017059326,5.0,4.163265228271484,2.0,1.042402744293213,2.0,3.058956861495972,5.0,3.4241206645965576,0.5782148838043213,3.4241206645965576,Very High,15.182161331176758,249195.0,1274625.0,catchment_area,False,foundation_perm,False,"valley_depth,relief",False,-1,False,31312.98346444792,436.0,383.0,484.0,101.0,436,78.70060881861043,11.521287337556041
437,1202,3372,1.891156554222107,1.2244898080825806,2.510204076766968,5.0,4.0,5.0,2.1609976291656494,5.0,4.163265228271484,2.0,2.926849126815796,5.0,2.482993125915528,3.0,3.4238295555114746,0.5808469653129578,3.4238295555114746,Very High,273.4676208496094,235665.0,1289715.0,"streamflow,dependable_yield",False,foundation_perm,False,"valley_depth,relief,settlement",False,-1,False,13027.58605942438,437.0,373.0,488.0,115.0,437,78.57546463860811,11.656626200946809
438,1502,3926,1.0,2.0,2.8798186779022217,5.0,4.0,5.0,2.9863944053649902,5.0,4.448979377746582,2.0,1.014836311340332,2.0,3.1020407676696777,5.0,3.423414468765259,0.578319787979126,3.423414468765259,Very High,11.210379600524902,252285.0,1280715.0,"catchment_area,streamflow",False,foundation_perm,False,"valley_depth,relief",False,-1,False,27746.94759629529,438.0,368.0,482.0,114.0,438,78.72847929376145,11.576542326897565
439,663,1964,3.0,4.5714287757873535,3.5283446311950684,5.0,3.0,4.0,5.0,1.0,2.040816307067871,1.9092971086502075,4.604234218597412,1.0,3.4353742599487305,3.0,3.423268795013428,0.5654307007789612,3.423268795013428,Very High,503.3728332519531,193425.0,1305885.0,catchment_area,False,foundation_perm,False,"valley_width,slope",False,-1,False,26838.91523720984,439.0,374.0,490.0,116.0,439,78.18685405610908,11.799158298388765
440,2013,3419,4.351474285125732,1.8571428060531616,2.4285714626312256,5.0,4.0,5.0,1.4671201705932615,4.755102157592773,4.387754917144775,1.530612230300903,3.469658374786377,4.0,2.59183669090271,4.0,3.4230105876922607,0.5815755128860474,3.4230105876922607,Very High,347.865966796875,237075.0,1265385.0,"streamflow,dependable_yield",False,foundation_perm,False,"settlement,roads",False,-1,False,37392.19549149272,440.0,380.0,474.0,94.0,440,78.59026810944083,11.436898254855231
441,1158,4114,1.0,3.0,3.147392511367798,5.0,4.0,5.0,2.809523582458496,5.0,4.285714149475098,2.0,1.112614393234253,1.7369614839553833,3.147392511367798,5.0,3.4221203327178955,0.5783841609954834,3.4221203327178955,Very High,24.805492401123047,257925.0,1291035.0,catchment_area,False,foundation_perm,False,"valley_depth,relief",False,-1,False,25376.47274794953,441.0,371.0,489.0,118.0,441,78.77943115324953,11.67020314196813
442,580,1419,2.0,1.5102040767669678,3.056689500808716,5.0,4.0,4.0,3.0,5.0,4.204081535339356,2.0,1.2454476356506348,4.0,3.648525953292847,5.0,3.4218437671661377,0.5840679407119751,3.4218437671661377,Very High,43.011837005615234,177075.0,1308375.0,,True,foundation_perm,False,"valley_depth,relief,settlement",False,-1,False,22536.39985491946,442.0,387.0,487.0,100.0,442,78.03672053299503,11.820123026918473
443,592,3620,3.814058780670166,3.979591846466065,3.16553258895874,5.0,3.0,5.0,2.7414968013763428,5.0,4.489795684814453,2.0,1.6553664207458496,4.963718891143799,3.16553258895874,4.0,3.421787738800049,0.5815343260765076,3.421787738800049,Very High,99.19600677490234,243105.0,1308015.0,,True,foundation_perm,False,valley_depth,False,-1,False,9329.981247603084,443.0,394.0,484.0,90.0,443,78.6422596059635,11.822549360491621
444,748,515,4.773242473602295,1.8163264989852903,3.287981986999512,5.0,4.0,5.0,4.006803035736084,5.0,4.612245082855225,1.0,4.738139152526856,5.0,3.358276605606079,3.0,3.421481132507324,0.5526515245437622,3.421481132507324,Very High,521.7261352539062,149955.0,1303335.0,,True,foundation_perm,False,settlement,False,-1,False,14612.487995758998,444.0,336.0,499.0,163.0,444,77.78864982415749,11.771910013256406
445,1485,2028,5.0,1.8979592323303225,3.378684759140014,5.0,3.7142856121063232,4.0,4.736961364746094,5.0,4.102040767669678,1.6666666269302368,1.6958794593811035,5.0,3.3718819618225098,3.0,3.4202780723571777,0.5752414464950562,3.4202780723571777,Very High,104.74879455566406,195345.0,1281225.0,,True,foundation_perm,False,"valley_depth,settlement",False,-1,False,33547.32651878461,445.0,415.0,469.0,54.0,445,78.20669215429407,11.576584028615734
446,1415,3321,1.0,2.2040815353393555,2.337868452072144,5.0,4.0,5.0,2.6145122051239014,5.0,4.102040767669678,2.0,1.0654120445251465,3.761904716491699,2.328798294067383,3.0,3.4202141761779785,0.5738258957862854,3.4202141761779785,Very High,18.33585357666016,234135.0,1283325.0,"streamflow,dependable_yield",False,foundation_perm,False,"valley_depth,relief",False,-1,False,19456.850915925235,446.0,370.0,496.0,126.0,446,78.56194266432736,11.598771485697164
447,223,803,1.0,4.0,3.045850276947021,5.0,4.0,5.0,5.0,4.952380657196045,4.0,1.0,1.269731521606445,4.0,3.1918821334838867,3.0,3.4196035861968994,0.5476233959197998,3.4196035861968994,Very High,46.34022903442383,158595.0,1319085.0,,True,foundation_perm,False,"valley_depth,relief",False,-1,False,3529.7830759122826,447.0,341.0,500.0,159.0,447,77.86620826911293,11.915012775302595
448,309,1665,4.918367385864258,2.0,3.965986251831055,5.0,4.0,4.0,3.0,4.945578098297119,4.306122303009033,1.0,3.1580097675323486,2.0,4.156462669372559,4.0,3.419482946395874,0.555168628692627,3.419482946395874,Very High,305.15093994140625,184455.0,1316505.0,catchment_area,False,foundation_perm,False,,True,-1,False,28363.415240637943,448.0,349.0,497.0,148.0,448,78.10360607934446,11.894250736557682
449,1546,3984,1.0,1.3265305757522583,3.2471656799316406,5.0,4.0,5.0,3.0,5.0,4.346938610076904,2.0,1.0359983444213867,2.0,3.2471656799316406,5.0,3.418884038925171,0.5778313279151917,3.418884038925171,Very High,14.304357528686523,254025.0,1279395.0,catchment_area,False,foundation_perm,False,"valley_depth,relief,settlement",False,-1,False,29858.612224143628,449.0,391.0,485.0,94.0,449,78.74452182802175,11.564738726904388
450,1308,3599,1.0,3.0,2.689342498779297,5.0,4.0,5.0,2.451247215270996,5.0,4.224489688873291,2.0,3.345657587051392,3.0,2.689342498779297,4.0,3.4188578128814697,0.581349790096283,3.4188578128814697,Very High,330.8702697753906,242475.0,1286535.0,"streamflow,dependable_yield",False,foundation_perm,False,relief,False,-1,False,17678.477327522563,450.0,360.0,495.0,135.0,450,78.6381324736733,11.628411734524914
451,1051,940,2.0,1.6122448444366455,2.859410524368286,5.0,4.0,5.0,1.4172334671020508,5.0,4.224489688873291,2.0,1.100204348564148,1.8775510787963867,3.4444446563720703,4.0,3.418506383895874,0.5815189480781555,3.418506383895874,Very High,23.10455894470215,162705.0,1294245.0,"catchment_area,streamflow",False,foundation_perm,False,"valley_depth,relief,settlement,roads",False,-1,False,23309.255597177696,451.0,408.0,481.0,73.0,451,77.90641382224221,11.691118584003316
452,309,1207,2.0,1.3877551555633545,3.1564626693725586,5.0,4.0,4.0,2.5555553436279297,5.0,4.081632614135742,2.0,1.8987901210784912,5.0,3.6575965881347656,4.0,3.4175117015838623,0.5837439298629761,3.4175117015838623,Very High,132.56008911132812,170715.0,1316505.0,,True,foundation_perm,False,"valley_depth,relief,settlement",False,-1,False,14623.553678183798,452.0,381.0,497.0,116.0,452,77.97760646171237,11.892928592831172
453,1837,3361,4.886621475219727,2.0,3.140589475631714,5.0,4.0,5.0,3.0,4.945578575134277,4.714285850524902,2.0,2.8766520023345947,2.0,3.2585034370422363,3.471655368804932,3.4171321392059326,0.5813378095626831,3.4171321392059326,Very High,266.58758544921875,235335.0,1270665.0,catchment_area,False,foundation_perm,False,valley_depth,False,-1,False,32075.162581475164,453.0,393.0,483.0,90.0,453,78.57392365118652,11.484474447770259
454,1806,3883,1.0,2.59183669090271,2.945578098297119,5.0,4.0,5.0,3.1043083667755127,5.0,4.122448921203613,2.0,1.1629767417907717,2.0,2.943310499191284,5.0,3.41654896736145,0.5748949646949768,3.41654896736145,Very High,31.708236694335938,250995.0,1271595.0,"catchment_area,streamflow,dependable_yield",False,foundation_perm,False,"valley_depth,relief",False,-1,False,34827.14030254824,454.0,403.0,490.0,87.0,454,78.71732291868977,11.49403679621615
455,1870,3551,1.0,1.7346938848495483,3.0181405544281006,5.0,4.0,5.0,3.0,5.0,4.489795684814453,1.61451256275177,1.0594615936279297,3.0,3.0113375186920166,4.0,3.4161880016326904,0.5807853937149048,3.4161880016326904,Very High,17.520282745361328,241035.0,1269675.0,,True,foundation_perm,False,"valley_depth,relief,settlement",False,-1,False,33540.24056438893,455.0,431.0,475.0,44.0,455,78.62621645104888,11.47595869867464
456,709,1266,5.0,1.5102040767669678,4.072562217712402,4.530612468719482,4.0,4.0,3.06802749633789,4.337868690490723,3.959183692932129,1.6122448444366455,1.6961442232131958,3.0,4.217687129974365,5.0,3.416002035140991,0.5821253657341003,3.416002035140991,Very High,104.78507995605467,172485.0,1304505.0,,True,foundation_perm,False,"valley_depth,settlement",False,-1,False,20370.11852220269,456.0,405.0,490.0,85.0,456,77.99502213054399,11.784730381930423
457,600,1988,4.587301254272461,4.857142925262451,2.8979592323303223,5.0,3.0,4.0,3.0,1.0,4.040816307067871,2.0,3.159862518310547,5.0,2.8049886226654053,3.0,3.41569185256958,0.5731520056724548,3.41569185256958,Very High,305.4048767089844,194145.0,1307775.0,"streamflow,dependable_yield",False,foundation_perm,False,valley_width,False,-1,False,26341.16929450668,457.0,409.0,493.0,84.0,457,78.19328142372095,11.816295172650571
458,898,1453,1.0,1.6122448444366455,3.356009006500244,5.0,4.0,4.0,2.138322114944458,5.0,4.469387531280518,2.0,1.1287375688552856,5.0,3.6916098594665527,5.0,3.4152824878692627,0.5771960616111755,3.4152824878692627,Very High,27.01536750793457,178095.0,1298835.0,,True,foundation_perm,False,"valley_depth,relief,settlement",False,-1,False,28277.410148321527,458.0,352.0,500.0,148.0,458,78.04699261110362,11.734060593814204
459,861,1242,1.0,1.59183669090271,3.6916098594665527,5.0,4.0,4.0,1.1496598720550537,5.0,4.061224460601807,2.0,1.1411622762680054,1.902494430541992,3.900226593017578,5.0,3.415248394012451,0.5796800255775452,3.415248394012451,Very High,28.71831703186035,171765.0,1299945.0,catchment_area,False,foundation_perm,False,"valley_depth,relief,settlement,roads",False,-1,False,22867.470242520987,459.0,411.0,484.0,73.0,459,77.98887071682394,11.743479357008566
460,577,1546,1.9206348657608032,2.9387755393981934,3.00453519821167,5.0,4.0,4.0,1.6802719831466677,5.0,4.285714149475098,2.0,1.1607543230056765,2.0,3.537414789199829,5.0,3.415225028991699,0.5826964378356934,3.415225028991699,Very High,31.40362930297852,180885.0,1308465.0,catchment_area,False,foundation_perm,False,"valley_depth,relief,roads",False,-1,False,26092.645779894723,460.0,444.0,472.0,28.0,460,78.07164175924244,11.821298597750264
461,850,286,4.62358283996582,1.8775510787963867,2.80725622177124,5.0,4.0,5.0,2.124716520309448,4.582766532897949,4.489795684814453,1.0,4.894432067871094,4.0,2.698413133621216,2.0,3.414626359939575,0.5562705993652344,3.414626359939575,Very High,543.14794921875,143085.0,1300275.0,"streamflow,dependable_yield,runoff",False,foundation_perm,False,settlement,False,-1,False,20870.167935693207,461.0,373.0,495.0,122.0,461,77.72602176510725,11.743565225031432
462,344,1586,4.0,1.59183669090271,3.149660110473633,5.0,3.857142925262451,4.0,3.0,5.0,3.4285714626312256,1.9047619104385376,2.149202823638916,3.950113296508789,3.551020383834839,4.0,3.413337230682373,0.585211455821991,3.413337230682373,Very High,166.88209533691406,182085.0,1315455.0,,True,foundation_perm,False,"valley_depth,settlement",False,-1,False,26018.31703511392,462.0,421.0,486.0,65.0,462,78.08197257676562,11.884543442954607
463,545,1570,1.707482933998108,1.7142857313156128,3.281178951263428,5.0,4.0,4.0,3.0,5.0,4.142857074737549,2.0,1.138438105583191,2.0,3.7437644004821777,5.0,3.4129831790924072,0.5775731205940247,3.4129831790924072,Very High,28.344921112060547,181605.0,1309425.0,catchment_area,False,foundation_perm,False,"valley_depth,relief,settlement",False,-1,False,26502.00253808362,463.0,419.0,489.0,70.0,463,78.0781507642724,11.830037070126863
464,1240,1466,2.0,3.0,2.8820862770080566,5.0,4.0,4.0,2.1156463623046875,5.0,4.387754917144775,2.0,1.77470862865448,5.0,3.3446714878082275,4.0,3.412781953811645,0.5800144672393799,3.412781953811645,Very High,115.55329132080078,178485.0,1288575.0,streamflow,False,foundation_perm,False,"valley_depth,relief",False,-1,False,35870.023162796475,464.0,411.0,493.0,82.0,464,78.05154813341497,11.641433967867233
465,1385,3346,1.0,1.7755101919174194,2.233559846878052,5.0,4.0,5.0,3.0,5.0,4.142857074737549,2.0,1.0424413681030271,2.0,2.2108843326568604,3.0,3.4123780727386475,0.5719249844551086,3.4123780727386475,Very High,15.18745231628418,234885.0,1284225.0,"catchment_area,streamflow,dependable_yield",False,foundation_perm,False,"valley_depth,relief,settlement",False,-1,False,18522.49857300482,465.0,430.0,480.0,50.0,465,78.56874561379598,11.606961318980407
466,1305,818,1.616780161857605,1.7346938848495483,3.176870822906494,5.0,4.0,5.0,2.4285714626312256,5.0,4.081632614135742,2.0,1.192758083343506,1.0,3.3809521198272705,3.0,3.4122323989868164,0.5738273859024048,3.4122323989868164,Very High,35.790122985839844,159045.0,1286625.0,catchment_area,False,foundation_perm,False,"valley_depth,relief,settlement",False,-1,False,30116.572732009925,466.0,399.0,494.0,95.0,466,77.87365038084037,11.621945613035928
467,990,757,3.1564624309539795,2.81632661819458,2.773242473602295,4.0,4.0,5.0,3.0,5.0,4.489795684814453,2.0,3.0561180114746094,2.8004536628723145,3.1655330657958984,4.0,3.411195516586304,0.5690082311630249,3.411195516586304,Very High,291.1854553222656,157215.0,1296075.0,"catchment_area,streamflow",False,foundation_perm,False,,True,-1,False,20552.141223770697,467.0,417.0,494.0,77.0,467,77.85592665727056,11.707095920396519
468,416,693,4.106575965881348,3.0,3.956916093826294,5.0,3.8775510787963863,5.0,5.0,4.5192742347717285,3.632652997970581,2.0,1.8945914506912231,1.0,4.022675514221191,3.0,3.4111673831939697,0.5668684244155884,3.4111673831939697,Very High,131.98463439941406,155295.0,1313295.0,catchment_area,False,foundation_perm,False,valley_depth,False,-1,False,3396.1996446135536,468.0,419.0,497.0,78.0,468,77.83655385217334,11.862392993162896
469,1941,3360,2.4217686653137207,2.1632652282714844,2.5306122303009038,5.0,4.0,5.0,2.088435173034668,5.0,4.36734676361084,1.0,2.1497433185577397,3.0,2.6621315479278564,3.0,3.4110524654388428,0.554154098033905,3.4110524654388428,Very High,166.95616149902344,235305.0,1267545.0,"streamflow,dependable_yield",False,foundation_perm,False,"valley_depth,relief",False,-1,False,35195.23107389803,469.0,404.0,495.0,91.0,469,78.57388964591225,11.456281202567041
470,1002,883,2.0,1.40816330909729,3.62811803817749,5.0,4.0,5.0,2.2607710361480717,5.0,4.489795684814453,1.952380895614624,1.094265103340149,2.0,4.043083667755127,4.0,3.410889148712158,0.5788536667823792,3.410889148712158,Very High,22.290502548217773,160995.0,1295715.0,catchment_area,False,foundation_perm,False,"valley_depth,relief,settlement",False,-1,False,21449.37850752693,470.0,422.0,493.0,71.0,470,77.89059786753184,11.704223411075303
471,1025,2809,2.0,2.0,2.2585034370422363,5.0,4.0,4.0,2.7959184646606445,5.0,4.408163070678711,2.0,2.090007781982422,5.0,1.8253968954086304,1.0,3.4108810424804688,0.5730680823326111,3.4108810424804688,Very High,158.76870727539062,218775.0,1295025.0,"streamflow,dependable_yield,runoff",False,foundation_perm,False,"valley_depth,relief",False,-1,False,8864.285826111985,471.0,402.0,492.0,90.0,471,78.42020844924168,11.703251556704297
472,621,1393,2.0,2.755102157592773,3.773242235183716,5.0,4.0,4.0,2.2607710361480717,5.0,4.122448921203613,1.884353756904602,1.2154622077941897,2.0,3.993196964263916,5.0,3.410635709762573,0.5793241262435913,3.410635709762573,Very High,38.90199279785156,176295.0,1307145.0,catchment_area,False,foundation_perm,False,"valley_depth,relief",False,-1,False,22304.73984706865,472.0,418.0,488.0,70.0,472,78.0296894764636,11.808939765154594
473,407,766,1.7619047164916992,1.59183669090271,2.9387755393981934,5.0,4.0,5.0,2.8956918716430664,5.0,4.326530456542969,1.959183692932129,1.683268904685974,2.977324247360229,3.19274377822876,3.1700682640075684,3.4103214740753174,0.5739046335220337,3.4103214740753174,Very High,103.0204086303711,157485.0,1313565.0,"catchment_area,streamflow",False,foundation_perm,False,"valley_depth,relief,settlement",False,-1,False,3336.272969718373,473.0,406.0,493.0,87.0,473,77.85660288733793,11.865054993648355
474,1392,1585,2.0,2.2040815353393555,3.219954490661621,5.0,4.0,4.0,3.0,5.0,4.163265228271484,1.7346938848495483,1.924439072608948,2.0204079151153564,3.362812042236328,4.0,3.410251379013061,0.5757783055305481,3.410251379013061,Very High,136.07557678222656,182055.0,1284015.0,catchment_area,False,foundation_perm,False,"valley_depth,relief",False,-1,False,41661.01735410103,474.0,434.0,492.0,58.0,474,78.084685655977,11.600581993130636
475,1644,3850,1.0,3.7142856121063232,3.006803035736084,5.0,4.0,5.0,2.7460317611694336,5.0,4.224489688873291,2.0,1.0517503023147583,5.0,2.995465040206909,5.0,3.41010856628418,0.5837384462356567,3.41010856628418,Very High,16.463340759277344,250005.0,1276455.0,dependable_yield,False,foundation_perm,False,"valley_depth,relief",False,-1,False,30065.587977482963,475.0,403.0,496.0,93.0,475,78.70789663339563,11.53788256504266
476,798,2332,4.784580230712891,3.0,2.287981986999512,5.0,4.0,4.0,1.5260769128799438,5.0,4.428571224212647,2.0,4.779460906982422,5.0,1.5328798294067385,1.0,3.4096462726593018,0.5738694071769714,3.4096462726593018,Very High,527.3897705078125,204465.0,1301835.0,"streamflow,dependable_yield,runoff",False,foundation_perm,False,roads,False,-1,False,15835.547234010844,476.0,370.0,499.0,129.0,476,78.28843594541746,11.763557293003727
477,778,496,4.81632661819458,1.959183692932129,2.9863948822021484,5.0,4.0,5.0,3.0,4.909296989440918,4.306122303009033,1.0,4.506647109985352,3.278911590576172,3.038548707962036,3.0,3.4096386432647705,0.548552393913269,3.4096386432647705,Very High,489.99749755859375,149385.0,1302435.0,streamflow,False,foundation_perm,False,settlement,False,-1,False,15669.27376660564,477.0,387.0,499.0,112.0,477,77.78352086410537,11.763724771473928
478,1262,1200,1.7596373558044434,1.5714285373687744,3.6439907550811768,5.0,4.0,4.0,3.6984128952026367,5.0,4.204081535339356,2.0,1.0945501327514648,2.5306122303009038,4.058956623077393,5.0,3.40932297706604,0.5810351371765137,3.40932297706604,Very High,22.32955551147461,170505.0,1287915.0,catchment_area,False,foundation_perm,False,"valley_depth,relief,settlement",False,-1,False,32099.3190517229,478.0,415.0,498.0,83.0,478,77.9785021282623,11.634715209780998
479,283,1152,1.4979424476623535,1.370370388031006,2.730614185333252,5.0,4.0,4.0,3.0,4.938271999359131,4.592592716217041,1.9753085374832156,1.723985195159912,1.0,3.371002197265625,4.0,3.4093027114868164,0.565213143825531,3.4093027114868164,Very High,108.60102081298828,169065.0,1317285.0,"catchment_area,streamflow",False,foundation_perm,False,"valley_depth,relief,settlement",False,-1,False,12991.528744911637,479.0,418.0,496.0,78.0,479,77.96239828191555,11.899809969472436
480,967,1684,5.0,2.2448978424072266,3.453514575958252,4.36734676361084,4.0,4.0,2.310657501220703,5.0,3.3877551555633545,1.4285714626312256,1.6524381637573242,5.0,3.811791658401489,4.0,3.4090964794158936,0.5591800212860107,3.4090964794158936,Very High,98.79466247558594,185025.0,1296765.0,,True,foundation_perm,False,valley_depth,False,-1,False,35077.33323140068,480.0,416.0,499.0,83.0,480,78.11070274203286,11.716013944837835
481,1299,3738,2.0,1.59183669090271,2.911564826965332,5.0,4.0,5.0,1.888888955116272,5.0,4.142857074737549,2.0,3.983045816421509,2.217687129974365,3.138322114944458,5.0,3.4088351726531982,0.5829248428344727,3.4088351726531982,Very High,418.2317810058594,246645.0,1286805.0,"catchment_area,streamflow",False,foundation_perm,False,"relief,settlement,roads",False,-1,False,19497.885050556302,481.0,359.0,500.0,141.0,481,78.67633488086308,11.631162221485821
482,2047,3388,4.804988861083984,2.0,2.732426166534424,5.0,4.0,5.0,3.0,3.258503198623657,4.673469543457031,1.9229024648666384,3.912824869155884,3.0,2.875283479690552,4.0,3.4078855514526367,0.5861776471138,3.4078855514526367,Very High,408.607177734375,236145.0,1264365.0,"streamflow,dependable_yield",False,foundation_perm,False,valley_width,False,-1,False,38382.127947303205,482.0,416.0,496.0,80.0,482,78.5818280577682,11.427611656265436
483,1267,3389,1.0,1.836734652519226,2.6621315479278564,5.0,4.0,5.0,1.997732400894165,5.0,4.428571224212647,1.9909297227859497,1.0720903873443604,2.0,2.6167798042297363,3.0,3.4076504707336426,0.5734851956367493,3.4076504707336426,Very High,19.251197814941406,236175.0,1287765.0,"catchment_area,streamflow,dependable_yield",False,foundation_perm,False,"valley_depth,relief,settlement,roads",False,-1,False,14994.639260825694,483.0,428.0,496.0,68.0,483,78.58029204919956,11.639046366769065
484,1262,3925,1.0,1.9795918464660645,3.124716520309448,5.0,4.0,5.0,1.8979592323303225,5.0,4.224489688873291,1.9863944053649905,1.1410207748413086,1.8979592323303225,3.3673465251922607,5.0,3.407249212265014,0.57832932472229,3.407249212265014,Very High,28.698917388916016,252255.0,1287915.0,catchment_area,False,foundation_perm,False,"valley_depth,relief,settlement,roads",False,-1,False,22440.150564132426,484.0,422.0,498.0,76.0,484,78.72767743699762,11.64160283354051
485,1391,3389,1.2562358379364014,1.469387769699097,2.308389902114868,5.0,4.0,5.0,2.2834465503692627,5.0,4.306122303009033,2.0,1.0351214408874512,1.2585033178329468,2.3038547039031982,3.0,3.407130241394043,0.5710242390632629,3.407130241394043,Very High,14.066515922546388,236175.0,1284045.0,"catchment_area,streamflow,dependable_yield",False,foundation_perm,False,"valley_depth,relief,settlement",False,-1,False,18710.750274652197,485.0,438.0,490.0,52.0,485,78.58058228819473,11.60543425420788
486,1775,3653,1.0,2.040816307067871,2.859410524368286,5.0,4.0,5.0,2.7188210487365723,5.0,4.551020622253418,2.0,1.0348750352859497,3.0,2.7868480682373047,5.0,3.4070231914520264,0.5755903720855713,3.4070231914520264,Very High,14.100025177001951,244095.0,1272525.0,"streamflow,dependable_yield",False,foundation_perm,False,"valley_depth,relief",False,-1,False,31438.70478669043,486.0,413.0,499.0,86.0,486,78.65403617431602,11.501938239740364
487,290,1108,2.0,1.5,2.9087300300598145,5.0,4.0,5.0,3.0,5.0,4.392857074737549,1.8571428060531616,1.4693394899368286,1.0,3.507936716079712,4.0,3.406970500946045,0.5738863348960876,3.406970500946045,Very High,73.69884490966797,167745.0,1317075.0,"catchment_area,streamflow",False,foundation_perm,False,"valley_depth,relief,settlement",False,-1,False,11663.090897606884,487.0,414.0,498.0,84.0,487,77.95031533316337,11.897782852923047
488,1499,3828,1.0,2.0,2.945578098297119,5.0,4.0,5.0,2.19274377822876,5.0,4.551020622253418,2.0,1.0244431495666504,3.0,2.945578098297119,5.0,3.406937599182129,0.5771637558937073,3.406937599182129,Very High,12.62358283996582,249345.0,1280805.0,"streamflow,dependable_yield",False,foundation_perm,False,"valley_depth,relief",False,-1,False,25987.520012859768,488.0,426.0,498.0,72.0,488,78.70152820208068,11.577142864415686
489,652,1650,3.260770797729492,2.673469305038452,2.9229023456573486,5.0,4.0,4.0,2.7142856121063232,5.0,4.448979377746582,1.8843536376953125,2.75864052772522,4.056689262390137,3.5124716758728027,5.0,3.406233310699463,0.5873665809631348,3.406233310699463,Very High,250.41270446777344,184005.0,1306215.0,streamflow,False,foundation_perm,False,valley_depth,False,-1,False,29781.27694351908,489.0,437.0,495.0,58.0,489,78.10046055902397,11.801270782193937
490,1535,3119,4.0,3.0,2.451247215270996,5.0,3.857142925262451,5.0,2.6689341068267822,5.0,3.959183692932129,1.5238094329833984,1.754905343055725,3.0,2.4331066608428955,2.0,3.405137538909912,0.5705666542053223,3.405137538909912,Very High,112.83899688720705,228075.0,1279725.0,"streamflow,dependable_yield,runoff",False,foundation_perm,False,valley_depth,False,-1,False,24155.450039002957,490.0,394.0,500.0,106.0,490,78.50669548189248,11.56577129413465
491,1878,3159,4.972789287567139,1.5510203838348389,3.086168050765991,5.0,3.755102157592773,5.0,2.3922901153564453,5.0,4.204081535339356,2.0,2.7629756927490234,5.0,3.154195070266724,2.0,3.4043045043945312,0.5818333029747009,3.4043045043945312,Very High,251.0067901611328,229275.0,1269435.0,runoff,False,foundation_perm,False,"valley_depth,settlement",False,-1,False,33865.28917586633,491.0,431.0,497.0,66.0,491,78.51850719204559,11.472893998616783
492,744,3439,5.0,4.0,3.3446712493896484,5.0,3.959183692932129,5.0,2.8775510787963867,1.0,4.244897842407227,2.0,2.889674186706543,4.0,3.281178951263428,3.0,3.404006242752075,0.5735874176025391,3.404006242752075,Very High,268.37237548828125,237675.0,1303455.0,,True,foundation_perm,False,"valley_width,valley_depth",False,-1,False,2375.8140912471968,492.0,439.0,498.0,59.0,492,78.5928139777208,11.780929299945548
493,1829,3559,1.0,1.959183692932129,2.59637188911438,5.0,4.0,5.0,3.0,5.0,4.346938610076904,1.97278904914856,1.8883010149002075,1.0,2.589569330215454,4.0,3.4034736156463623,0.5762828588485718,3.4034736156463623,Very High,131.12245178222656,241275.0,1270905.0,"catchment_area,streamflow,dependable_yield",False,foundation_perm,False,"valley_depth,relief,settlement",False,-1,False,32370.951219022747,493.0,454.0,496.0,42.0,493,78.62832218245073,11.487090757636999
494,785,1573,1.0,2.755102157592773,3.099773406982422,5.0,4.0,4.0,2.977324247360229,5.0,4.061224460601807,2.0,1.1698535680770874,2.0,3.598639249801636,5.0,3.40325665473938,0.5769994258880615,3.40325665473938,Very High,32.65079498291016,181695.0,1302225.0,catchment_area,False,foundation_perm,False,"valley_depth,relief",False,-1,False,29360.945311517607,494.0,461.0,497.0,36.0,494,78.07966444996092,11.765017360696778
495,1544,857,1.6984126567840576,1.755102038383484,2.9002270698547363,5.0,4.0,5.0,5.0,5.0,4.428571224212647,1.7460317611694336,1.1661642789840698,5.0,3.0294783115386963,2.0,3.4031319618225098,0.5754322409629822,3.4031319618225098,Very High,32.14512634277344,160215.0,1279455.0,"streamflow,runoff",False,foundation_perm,False,"valley_depth,relief,settlement",False,-1,False,37369.59455897196,495.0,438.0,500.0,62.0,495,77.88508553216757,11.557315136869729
496,1812,4025,1.0,3.0,3.1111111640930176,5.0,4.0,5.0,3.0,5.0,4.285714149475098,2.0,1.000470519065857,2.0,3.088435173034668,5.0,3.403074264526367,0.5756635069847107,3.403074264526367,Very High,8.115646362304688,255255.0,1271415.0,catchment_area,False,foundation_perm,False,"valley_depth,relief",False,-1,False,37082.503375160144,496.0,420.0,500.0,80.0,496,78.75636697933624,11.492713348165124
497,599,912,2.0,1.163265347480774,3.62358283996582,5.0,4.0,5.0,2.646258354187012,5.0,4.36734676361084,2.0,1.1323754787445068,1.9251700639724727,4.058957099914551,4.0,3.403028964996338,0.5711125731468201,3.403028964996338,Very High,27.51398277282715,161865.0,1307805.0,catchment_area,False,foundation_perm,False,"valley_depth,relief,settlement",False,-1,False,10517.591473999755,497.0,445.0,499.0,54.0,497,77.897345722322,11.813485086685052
498,1239,2980,4.0,3.0,2.5147392749786377,5.0,3.755102157592773,5.0,3.0,5.0,4.102040767669678,2.0,1.487816333770752,5.0,2.2199547290802,1.0,3.402416467666626,0.5753098726272583,3.402416467666626,Very High,76.23129272460938,223905.0,1288605.0,"streamflow,dependable_yield,runoff",False,foundation_perm,False,valley_depth,False,-1,False,15622.412572208,498.0,457.0,500.0,43.0,498,78.46776232061555,11.645668470532614
499,759,1459,1.0,1.7142857313156128,3.804988861083984,5.0,4.0,4.0,1.3310657739639282,5.0,4.204081535339356,2.0,1.092496633529663,3.0,4.090703010559082,5.0,3.4019103050231934,0.58133465051651,3.4019103050231934,Very High,22.048120498657227,178275.0,1303005.0,,True,foundation_perm,False,"valley_depth,relief,settlement,roads",False,-1,False,26015.84398334298,499.0,438.0,500.0,62.0,499,78.0482409028792,11.771738887877214
500,154,1580,5.0,3.0,3.136054277420044,5.0,3.81632661819458,4.0,1.317460298538208,4.5192742347717285,3.6530611515045166,1.0,3.413792133331299,5.0,3.5668933391571045,4.0,3.401822805404663,0.5535286068916321,3.401822805404663,Very High,340.2088623046875,181905.0,1321155.0,,True,foundation_perm,False,roads,False,-1,False,26212.695956680804,500.0,444.0,500.0,56.0,500,78.07977161694963,11.936006666557766
